Date,Value,Invested
2014-06-09,10000.00,10000.00
2014-06-10,9983.28,10000.00
2014-06-11,10044.73,10000.00
2014-06-16,9813.96,10000.00
2014-06-17,9817.72,10000.00
2014-06-18,9993.03,10000.00
2014-06-19,9927.52,10000.00
2014-06-20,9823.13,10000.00
2014-06-23,9849.65,10000.00
2014-06-24,10032.52,10000.00
2014-06-25,9775.99,10000.00
2014-06-26,9712.18,10000.00
2014-06-27,9731.82,10000.00
2014-06-30,9695.26,10000.00
2014-07-01,19709.88,20000.00
2014-07-02,20133.41,20000.00
2014-07-03,20183.13,20000.00
2014-07-04,19856.93,20000.00
2014-07-07,20205.24,20000.00
2014-07-08,20313.27,20000.00
2014-07-09,20403.13,20000.00
2014-07-10,20224.81,20000.00
2014-07-11,20332.69,20000.00
2014-07-14,20277.71,20000.00
2014-07-15,19990.32,20000.00
2014-07-16,20060.52,20000.00
2014-07-17,19841.62,20000.00
2014-07-18,19529.43,20000.00
2014-07-21,19038.62,20000.00
2014-07-22,19532.22,20000.00
2014-07-23,19588.74,20000.00
2014-07-24,19606.01,20000.00
2014-07-25,19379.10,20000.00
2014-07-28,19041.27,20000.00
2014-07-29,19305.20,20000.00
2014-07-30,19583.43,20000.00
2014-07-31,19787.19,20000.00
2014-08-01,29780.35,30000.00
2014-08-04,30035.46,30000.00
2014-08-05,29373.45,30000.00
2014-08-06,32932.36,30000.00
2014-08-07,32800.94,30000.00
2014-08-08,33308.48,30000.00
2014-08-11,33966.83,30000.00
2014-08-12,33792.28,30000.00
2014-08-13,34561.69,30000.00
2014-08-14,34662.41,30000.00
2014-08-15,34697.38,30000.00
2014-08-18,34690.38,30000.00
2014-08-19,35240.99,30000.00
2014-08-20,35807.02,30000.00
2014-08-21,36129.16,30000.00
2014-08-22,35761.43,30000.00
2014-08-25,35820.03,30000.00
2014-08-26,35698.03,30000.00
2014-08-27,35741.24,30000.00
2014-08-28,35223.91,30000.00
2014-08-29,34849.63,30000.00
2014-09-01,44746.52,40000.00
2014-09-02,44740.05,40000.00
2014-09-03,46228.29,40000.00
2014-09-04,46514.92,40000.00
2014-09-05,46850.59,40000.00
2014-09-08,46453.65,40000.00
2014-09-09,46615.41,40000.00
2014-09-10,46611.28,40000.00
2014-09-11,46188.00,40000.00
2014-09-12,46522.35,40000.00
2014-09-15,46674.87,40000.00
2014-09-16,47627.15,40000.00
2014-09-17,47656.73,40000.00
2014-09-18,47573.06,40000.00
2014-09-19,47295.65,40000.00
2014-09-22,46299.16,40000.00
2014-09-23,47037.31,40000.00
2014-09-24,47233.70,40000.00
2014-09-25,47159.90,40000.00
2014-09-26,47645.52,40000.00
2014-09-29,46995.01,40000.00
2014-09-30,46436.75,40000.00
2014-10-01,55983.88,50000.00
2014-10-02,55002.79,50000.00
2014-10-03,55061.80,50000.00
2014-10-06,56218.74,50000.00
2014-10-07,55849.13,50000.00
2014-10-08,54805.67,50000.00
2014-10-09,55173.26,50000.00
2014-10-10,55330.98,50000.00
2014-10-13,56520.43,50000.00
2014-10-14,56574.66,50000.00
2014-10-15,56176.52,50000.00
2014-10-16,55754.16,50000.00
2014-10-17,56695.99,50000.00
2014-10-20,56382.49,50000.00
2014-10-21,57535.62,50000.00
2014-10-22,57013.64,50000.00
2014-10-23,57315.21,50000.00
2014-10-24,57645.84,50000.00
2014-10-27,58250.34,50000.00
2014-10-28,58795.42,50000.00
2014-10-29,59852.36,50000.00
2014-10-30,60098.27,50000.00
2014-10-31,61878.38,50000.00
2014-11-03,72470.10,60000.00
2014-11-05,73473.21,60000.00
2014-11-06,73958.22,60000.00
2014-11-07,74275.42,60000.00
2014-11-10,75461.15,60000.00
2014-11-11,75314.36,60000.00
2014-11-12,74530.18,60000.00
2014-11-13,73592.96,60000.00
2014-11-14,74664.20,60000.00
2014-11-17,74909.46,60000.00
2014-11-18,76038.55,60000.00
2014-11-19,76852.37,60000.00
2014-11-20,77224.50,60000.00
2014-11-21,77392.83,60000.00
2014-11-24,73943.92,60000.00
2014-11-25,73960.78,60000.00
2014-11-26,74109.37,60000.00
2014-11-27,73603.25,60000.00
2014-11-28,74887.83,60000.00
2014-12-01,89092.01,70000.00
2014-12-02,90014.38,70000.00
2014-12-03,90726.71,70000.00
2014-12-04,89735.57,70000.00
2014-12-05,87111.44,70000.00
2014-12-08,84583.84,70000.00
2014-12-09,85493.91,70000.00
2014-12-10,86247.09,70000.00
2014-12-11,84275.51,70000.00
2014-12-12,83916.32,70000.00
2014-12-15,81603.69,70000.00
2014-12-16,81745.74,70000.00
2014-12-17,78685.05,70000.00
2014-12-18,80885.09,70000.00
2014-12-19,78828.87,70000.00
2014-12-22,78351.87,70000.00
2014-12-23,74957.43,70000.00
2014-12-24,76179.96,70000.00
2014-12-25,75700.26,70000.00
2014-12-26,76109.88,70000.00
2014-12-29,77490.35,70000.00
2014-12-30,75895.11,70000.00
2015-01-05,88467.31,80000.00
2015-01-06,92464.28,80000.00
2015-01-08,96104.48,80000.00
2015-01-09,96041.22,80000.00
2015-01-12,96155.17,80000.00
2015-01-13,97747.49,80000.00
2015-01-14,97708.11,80000.00
2015-01-15,96777.47,80000.00
2015-01-16,98856.68,80000.00
2015-01-19,99031.85,80000.00
2015-01-20,99897.37,80000.00
2015-01-21,102401.28,80000.00
2015-01-22,106405.58,80000.00
2015-01-23,106363.27,80000.00
2015-01-26,106688.87,80000.00
2015-01-27,111128.12,80000.00
2015-01-28,110272.19,80000.00
2015-01-29,110470.73,80000.00
2015-01-30,113175.52,80000.00
2015-02-02,123161.10,90000.00
2015-02-03,123462.60,90000.00
2015-02-04,122669.93,90000.00
2015-02-05,125991.67,90000.00
2015-02-06,130696.09,90000.00
2015-02-09,130935.08,90000.00
2015-02-10,131346.37,90000.00
2015-02-11,132312.16,90000.00
2015-02-12,133370.35,90000.00
2015-02-13,133904.04,90000.00
2015-02-16,131079.21,90000.00
2015-02-17,131019.33,90000.00
2015-02-18,130937.44,90000.00
2015-02-19,130623.98,90000.00
2015-02-20,130526.91,90000.00
2015-02-24,129293.56,90000.00
2015-02-25,127357.74,90000.00
2015-02-26,129081.98,90000.00
2015-02-27,128202.19,90000.00
2015-03-02,142829.84,100000.00
2015-03-03,145924.98,100000.00
2015-03-04,142298.71,100000.00
2015-03-05,143304.85,100000.00
2015-03-06,141057.89,100000.00
2015-03-10,135862.10,100000.00
2015-03-11,138424.85,100000.00
2015-03-12,138108.05,100000.00
2015-03-13,135737.52,100000.00
2015-03-16,133931.62,100000.00
2015-03-17,133959.62,100000.00
2015-03-18,134957.22,100000.00
2015-03-19,133608.91,100000.00
2015-03-20,137099.33,100000.00
2015-03-23,135395.67,100000.00
2015-03-24,135627.07,100000.00
2015-03-25,136020.47,100000.00
2015-03-26,131976.89,100000.00
2015-03-27,131065.41,100000.00
2015-03-30,135466.73,100000.00
2015-03-31,135566.55,100000.00
2015-04-01,146937.13,110000.00
2015-04-02,148481.24,110000.00
2015-04-03,147907.84,110000.00
2015-04-06,149028.76,110000.00
2015-04-07,148631.33,110000.00
2015-04-08,146624.13,110000.00
2015-04-09,145979.96,110000.00
2015-04-10,144612.72,110000.00
2015-04-13,145564.81,110000.00
2015-04-14,143275.09,110000.00
2015-04-15,143726.80,110000.00
2015-04-16,143909.92,110000.00
2015-04-17,140110.44,110000.00
2015-04-20,141279.50,110000.00
2015-04-21,142059.43,110000.00
2015-04-22,140624.63,110000.00
2015-04-23,137783.63,110000.00
2015-04-24,139679.87,110000.00
2015-04-27,139597.15,110000.00
2015-04-28,140308.10,110000.00
2015-04-29,139569.85,110000.00
2015-04-30,142014.01,110000.00
2015-05-05,156219.55,120000.00
2015-05-06,155839.13,120000.00
2015-05-07,153507.33,120000.00
2015-05-08,154425.57,120000.00
2015-05-12,152783.91,120000.00
2015-05-13,151056.98,120000.00
2015-05-14,151442.31,120000.00
2015-05-15,153566.80,120000.00
2015-05-18,152350.97,120000.00
2015-05-19,150158.51,120000.00
2015-05-20,147897.75,120000.00
2015-05-21,151603.19,120000.00
2015-05-22,149617.97,120000.00
2015-05-25,148771.25,120000.00
2015-05-26,148104.63,120000.00
2015-05-27,148843.59,120000.00
2015-05-28,148296.10,120000.00
2015-05-29,142794.44,120000.00
2015-06-01,155753.73,130000.00
2015-06-02,157316.71,130000.00
2015-06-03,156708.63,130000.00
2015-06-04,156453.76,130000.00
2015-06-05,157968.19,130000.00
2015-06-08,156748.45,130000.00
2015-06-09,156720.65,130000.00
2015-06-10,155477.98,130000.00
2015-06-11,156195.68,130000.00
2015-06-15,158290.48,130000.00
2015-06-16,159937.02,130000.00
2015-06-17,158740.56,130000.00
2015-06-18,157750.59,130000.00
2015-06-19,159322.52,130000.00
2015-06-22,161404.22,130000.00
2015-06-23,159430.48,130000.00
2015-06-24,158811.64,130000.00
2015-06-25,157649.78,130000.00
2015-06-26,158575.01,130000.00
2015-06-29,158738.82,130000.00
2015-06-30,159286.93,130000.00
2015-07-01,166393.96,140000.00
2015-07-02,166915.42,140000.00
2015-07-03,166612.94,140000.00
2015-07-06,166301.22,140000.00
2015-07-07,165614.17,140000.00
2015-07-08,161424.83,140000.00
2015-07-09,162285.08,140000.00
2015-07-10,162177.61,140000.00
2015-07-13,165150.44,140000.00
2015-07-14,164593.10,140000.00
2015-07-15,160011.37,140000.00
2015-07-16,162934.29,140000.00
2015-07-17,162354.98,140000.00
2015-07-20,160646.24,140000.00
2015-07-21,162656.45,140000.00
2015-07-22,161735.22,140000.00
2015-07-23,159697.16,140000.00
2015-07-24,158371.77,140000.00
2015-07-27,159289.32,140000.00
2015-07-28,163166.30,140000.00
2015-07-29,165926.55,140000.00
2015-07-30,168455.23,140000.00
2015-07-31,171895.83,140000.00
2015-08-03,181914.53,150000.00
2015-08-04,183662.07,150000.00
2015-08-05,184187.55,150000.00
2015-08-06,210104.34,150000.00
2015-08-07,210702.44,150000.00
2015-08-10,213171.63,150000.00
2015-08-11,212669.92,150000.00
2015-08-12,211929.05,150000.00
2015-08-13,213672.49,150000.00
2015-08-14,215859.58,150000.00
2015-08-17,215927.52,150000.00
2015-08-18,213384.33,150000.00
2015-08-19,211604.49,150000.00
2015-08-20,215494.30,150000.00
2015-08-21,212573.71,150000.00
2015-08-24,211259.90,150000.00
2015-08-25,212037.70,150000.00
2015-08-26,213089.87,150000.00
2015-08-27,216072.52,150000.00
2015-08-28,217657.17,150000.00
2015-08-31,220058.78,150000.00
2015-09-01,227527.48,160000.00
2015-09-02,226775.40,160000.00
2015-09-03,229795.51,160000.00
2015-09-04,229495.55,160000.00
2015-09-07,230508.05,160000.00
2015-09-08,232745.03,160000.00
2015-09-09,235542.00,160000.00
2015-09-10,235014.83,160000.00
2015-09-11,234898.12,160000.00
2015-09-14,236871.39,160000.00
2015-09-15,235846.35,160000.00
2015-09-16,236991.34,160000.00
2015-09-17,236511.89,160000.00
2015-09-18,233309.33,160000.00
2015-09-21,235185.82,160000.00
2015-09-22,229931.92,160000.00
2015-09-23,225169.63,160000.00
2015-09-24,221631.07,160000.00
2015-09-25,221915.72,160000.00
2015-09-28,218267.89,160000.00
2015-09-29,220693.09,160000.00
2015-09-30,222382.14,160000.00
2015-10-01,230032.15,170000.00
2015-10-02,230166.33,170000.00
2015-10-05,233351.60,170000.00
2015-10-06,234496.06,170000.00
2015-10-07,233948.21,170000.00
2015-10-08,235467.10,170000.00
2015-10-09,240539.36,170000.00
2015-10-12,239136.62,170000.00
2015-10-13,242083.76,170000.00
2015-10-14,243443.06,170000.00
2015-10-15,248152.94,170000.00
2015-10-16,246942.21,170000.00
2015-10-19,248997.98,170000.00
2015-10-20,250032.62,170000.00
2015-10-21,246801.89,170000.00
2015-10-22,247130.78,170000.00
2015-10-23,250548.59,170000.00
2015-10-26,250540.77,170000.00
2015-10-27,250418.95,170000.00
2015-10-28,250615.75,170000.00
2015-10-29,249529.25,170000.00
2015-10-30,252572.39,170000.00
2015-11-02,265270.98,180000.00
2015-11-03,266616.95,180000.00
2015-11-05,267858.15,180000.00
2015-11-06,264305.62,180000.00
2015-11-09,262673.02,180000.00
2015-11-10,262022.02,180000.00
2015-11-11,259747.20,180000.00
2015-11-12,260133.58,180000.00
2015-11-13,261635.86,180000.00
2015-11-16,262037.76,180000.00
2015-11-17,265893.63,180000.00
2015-11-18,270491.08,180000.00
2015-11-19,270145.14,180000.00
2015-11-20,269958.15,180000.00
2015-11-23,274145.26,180000.00
2015-11-24,266917.18,180000.00
2015-11-25,272481.47,180000.00
2015-11-26,271300.76,180000.00
2015-11-27,266111.03,180000.00
2015-11-30,259644.56,180000.00
2015-12-01,270321.61,190000.00
2015-12-02,270594.60,190000.00
2015-12-03,272927.33,190000.00
2015-12-04,268730.41,190000.00
2015-12-07,269160.23,190000.00
2015-12-08,266583.98,190000.00
2015-12-09,267312.47,190000.00
2015-12-10,264451.76,190000.00
2015-12-11,261948.97,190000.00
2015-12-14,259482.97,190000.00
2015-12-15,264198.71,190000.00
2015-12-16,266260.41,190000.00
2015-12-17,270119.89,190000.00
2015-12-18,260772.71,190000.00
2015-12-21,260643.12,190000.00
2015-12-22,262927.07,190000.00
2015-12-23,266387.42,190000.00
2015-12-24,263971.36,190000.00
2015-12-25,263951.87,190000.00
2015-12-28,263412.11,190000.00
2015-12-29,266199.61,190000.00
2015-12-30,264486.02,190000.00
2016-01-04,269760.18,200000.00
2016-01-05,273001.38,200000.00
2016-01-06,273015.25,200000.00
2016-01-11,263971.15,200000.00
2016-01-12,266454.60,200000.00
2016-01-13,265465.96,200000.00
2016-01-14,266336.58,200000.00
2016-01-15,255884.32,200000.00
2016-01-18,262407.03,200000.00
2016-01-19,265664.07,200000.00
2016-01-20,263394.23,200000.00
2016-01-21,273057.09,200000.00
2016-01-22,275051.30,200000.00
2016-01-25,274640.93,200000.00
2016-01-26,271062.88,200000.00
2016-01-27,277477.05,200000.00
2016-01-28,277367.93,200000.00
2016-01-29,277437.89,200000.00
2016-02-01,287767.35,210000.00
2016-02-02,286953.27,210000.00
2016-02-03,284188.07,210000.00
2016-02-04,290923.78,210000.00
2016-02-05,289625.38,210000.00
2016-02-08,284437.17,210000.00
2016-02-09,283439.23,210000.00
2016-02-10,284662.84,210000.00
2016-02-11,282972.40,210000.00
2016-02-12,284434.31,210000.00
2016-02-15,286966.91,210000.00
2016-02-16,288958.18,210000.00
2016-02-17,290537.09,210000.00
2016-02-18,295671.03,210000.00
2016-02-19,293436.80,210000.00
2016-02-20,293003.71,210000.00
2016-02-22,295951.87,210000.00
2016-02-24,293629.63,210000.00
2016-02-25,294550.11,210000.00
2016-02-26,297653.14,210000.00
2016-02-29,298583.60,210000.00
2016-03-01,307576.69,220000.00
2016-03-02,306224.20,220000.00
2016-03-03,308970.07,220000.00
2016-03-04,311787.69,220000.00
2016-03-07,317153.60,220000.00
2016-03-09,313886.66,220000.00
2016-03-10,316071.88,220000.00
2016-03-11,315652.50,220000.00
2016-03-14,317641.59,220000.00
2016-03-15,311709.83,220000.00
2016-03-16,313229.38,220000.00
2016-03-17,315169.95,220000.00
2016-03-18,316165.53,220000.00
2016-03-21,316599.14,220000.00
2016-03-22,321670.15,220000.00
2016-03-23,317583.86,220000.00
2016-03-24,316302.54,220000.00
2016-03-25,316681.06,220000.00
2016-03-28,315769.24,220000.00
2016-03-29,315203.90,220000.00
2016-03-30,319354.36,220000.00
2016-03-31,318025.04,220000.00
2016-04-01,327853.82,230000.00
2016-04-04,329289.60,230000.00
2016-04-05,328146.17,230000.00
2016-04-06,327833.38,230000.00
2016-04-07,326361.62,230000.00
2016-04-08,327104.92,230000.00
2016-04-11,333674.77,230000.00
2016-04-12,330849.18,230000.00
2016-04-13,336943.55,230000.00
2016-04-14,338778.55,230000.00
2016-04-15,337907.79,230000.00
2016-04-18,335338.04,230000.00
2016-04-19,337003.54,230000.00
2016-04-20,340311.95,230000.00
2016-04-21,337879.66,230000.00
2016-04-22,343713.29,230000.00
2016-04-25,343452.53,230000.00
2016-04-26,337761.99,230000.00
2016-04-27,337404.23,230000.00
2016-04-28,338756.55,230000.00
2016-04-29,329520.94,230000.00
2016-05-04,332482.92,240000.00
2016-05-05,330227.79,240000.00
2016-05-06,329769.88,240000.00
2016-05-10,324414.11,240000.00
2016-05-11,330298.14,240000.00
2016-05-12,331051.63,240000.00
2016-05-13,328854.54,240000.00
2016-05-16,329280.29,240000.00
2016-05-17,332060.05,240000.00
2016-05-18,337476.39,240000.00
2016-05-19,333460.12,240000.00
2016-05-20,333407.11,240000.00
2016-05-23,330930.45,240000.00
2016-05-24,332717.24,240000.00
2016-05-25,336397.94,240000.00
2016-05-26,339519.43,240000.00
2016-05-27,341909.84,240000.00
2016-05-30,342693.74,240000.00
2016-05-31,336711.71,240000.00
2016-06-01,345621.06,250000.00
2016-06-02,343615.06,250000.00
2016-06-03,342847.78,250000.00
2016-06-06,349586.50,250000.00
2016-06-07,356199.85,250000.00
2016-06-08,353218.84,250000.00
2016-06-09,348362.40,250000.00
2016-06-10,341611.08,250000.00
2016-06-14,335640.76,250000.00
2016-06-15,335112.40,250000.00
2016-06-16,332450.67,250000.00
2016-06-17,334365.13,250000.00
2016-06-20,337756.46,250000.00
2016-06-21,339778.53,250000.00
2016-06-22,341153.76,250000.00
2016-06-23,343529.48,250000.00
2016-06-24,340965.06,250000.00
2016-06-27,330620.47,250000.00
2016-06-28,336963.09,250000.00
2016-06-29,341862.78,250000.00
2016-06-30,341816.62,250000.00
2016-07-01,351893.34,260000.00
2016-07-04,353877.68,260000.00
2016-07-05,352906.39,260000.00
2016-07-06,350896.24,260000.00
2016-07-07,348779.01,260000.00
2016-07-08,349326.28,260000.00
2016-07-11,355215.96,260000.00
2016-07-12,362106.15,260000.00
2016-07-13,363200.32,260000.00
2016-07-14,367261.02,260000.00
2016-07-15,359220.75,260000.00
2016-07-18,357326.48,260000.00
2016-07-19,353121.14,260000.00
2016-07-20,354019.25,260000.00
2016-07-21,355475.99,260000.00
2016-07-22,356245.70,260000.00
2016-07-25,354969.90,260000.00
2016-07-26,355775.96,260000.00
2016-07-27,357614.73,260000.00
2016-07-28,357619.12,260000.00
2016-07-29,359200.68,260000.00
2016-08-01,366070.16,270000.00
2016-08-02,360176.40,270000.00
2016-08-03,363832.77,270000.00
2016-08-04,367947.99,270000.00
2016-08-05,369562.01,270000.00
2016-08-08,421376.61,270000.00
2016-08-09,424950.06,270000.00
2016-08-10,420982.39,270000.00
2016-08-11,424575.51,270000.00
2016-08-12,423249.29,270000.00
2016-08-15,423600.35,270000.00
2016-08-16,422455.57,270000.00
2016-08-17,419383.12,270000.00
2016-08-18,420369.55,270000.00
2016-08-19,419353.49,270000.00
2016-08-22,423600.00,270000.00
2016-08-23,425393.92,270000.00
2016-08-24,422236.46,270000.00
2016-08-25,419892.90,270000.00
2016-08-26,422161.48,270000.00
2016-08-29,421651.89,270000.00
2016-08-30,420264.22,270000.00
2016-08-31,419864.42,270000.00
2016-09-01,432106.80,280000.00
2016-09-02,436048.07,280000.00
2016-09-05,438109.15,280000.00
2016-09-06,441361.32,280000.00
2016-09-07,443220.05,280000.00
2016-09-08,443359.48,280000.00
2016-09-09,439976.01,280000.00
2016-09-12,439656.83,280000.00
2016-09-13,438923.28,280000.00
2016-09-14,435270.16,280000.00
2016-09-15,427184.23,280000.00
2016-09-16,421334.51,280000.00
2016-09-19,422740.19,280000.00
2016-09-20,428938.58,280000.00
2016-09-21,432692.64,280000.00
2016-09-22,439099.65,280000.00
2016-09-23,435310.85,280000.00
2016-09-26,431371.40,280000.00
2016-09-27,430107.93,280000.00
2016-09-28,432869.98,280000.00
2016-09-29,432166.10,280000.00
2016-09-30,424586.46,280000.00
2016-10-03,435666.76,290000.00
2016-10-04,436217.97,290000.00
2016-10-05,436637.78,290000.00
2016-10-06,439379.99,290000.00
2016-10-07,439547.25,290000.00
2016-10-10,443735.04,290000.00
2016-10-11,443375.64,290000.00
2016-10-12,441997.28,290000.00
2016-10-13,438037.43,290000.00
2016-10-14,438774.47,290000.00
2016-10-17,437501.72,290000.00
2016-10-18,435595.90,290000.00
2016-10-19,435688.27,290000.00
2016-10-20,435180.65,290000.00
2016-10-21,436858.74,290000.00
2016-10-24,435275.98,290000.00
2016-10-25,438284.25,290000.00
2016-10-26,441210.26,290000.00
2016-10-27,442345.09,290000.00
2016-10-28,441446.92,290000.00
2016-10-31,440895.81,290000.00
2016-11-01,446714.38,300000.00
2016-11-02,444838.55,300000.00
2016-11-03,444487.13,300000.00
2016-11-07,445970.22,300000.00
2016-11-08,452667.15,300000.00
2016-11-09,463506.91,300000.00
2016-11-10,474308.04,300000.00
2016-11-11,475011.27,300000.00
2016-11-14,474901.45,300000.00
2016-11-15,472699.13,300000.00
2016-11-16,471604.40,300000.00
2016-11-17,473173.82,300000.00
2016-11-18,471468.85,300000.00
2016-11-21,472318.30,300000.00
2016-11-22,478680.79,300000.00
2016-11-23,483062.52,300000.00
2016-11-24,488679.52,300000.00
2016-11-25,490528.11,300000.00
2016-11-28,491394.29,300000.00
2016-11-29,492827.43,300000.00
2016-11-30,491939.17,300000.00
2016-12-01,504769.38,310000.00
2016-12-02,505066.13,310000.00
2016-12-05,510431.90,310000.00
2016-12-06,514875.28,310000.00
2016-12-07,515898.74,310000.00
2016-12-08,531189.82,310000.00
2016-12-09,529428.25,310000.00
2016-12-12,524733.03,310000.00
2016-12-13,528911.41,310000.00
2016-12-14,520225.45,310000.00
2016-12-15,523583.06,310000.00
2016-12-16,519619.54,310000.00
2016-12-19,514958.18,310000.00
2016-12-20,518137.07,310000.00
2016-12-21,511434.92,310000.00
2016-12-22,503359.60,310000.00
2016-12-23,503701.46,310000.00
2016-12-26,505491.70,310000.00
2016-12-27,503496.93,310000.00
2016-12-28,501117.17,310000.00
2016-12-29,507493.15,310000.00
2016-12-30,514995.72,310000.00
2017-01-03,536606.53,320000.00
2017-01-04,533143.82,320000.00
2017-01-05,524817.51,320000.00
2017-01-06,524704.43,320000.00
2017-01-09,522562.89,320000.00
2017-01-10,529301.93,320000.00
2017-01-11,526531.15,320000.00
2017-01-12,550808.88,320000.00
2017-01-13,543724.57,320000.00
2017-01-16,543683.23,320000.00
2017-01-17,543556.54,320000.00
2017-01-18,540228.18,320000.00
2017-01-19,542228.04,320000.00
2017-01-20,540523.00,320000.00
2017-01-23,536829.76,320000.00
2017-01-24,545840.23,320000.00
2017-01-25,548227.63,320000.00
2017-01-26,565458.01,320000.00
2017-01-27,570638.63,320000.00
2017-01-30,562076.83,320000.00
2017-01-31,558701.92,320000.00
2017-02-01,576740.30,330000.00
2017-02-02,573956.03,330000.00
2017-02-03,574986.13,330000.00
2017-02-06,575261.07,330000.00
2017-02-07,576488.04,330000.00
2017-02-08,572011.01,330000.00
2017-02-09,565711.33,330000.00
2017-02-10,560174.00,330000.00
2017-02-13,557376.71,330000.00
2017-02-14,552004.37,330000.00
2017-02-15,555950.67,330000.00
2017-02-16,559856.81,330000.00
2017-02-17,552148.21,330000.00
2017-02-20,550083.16,330000.00
2017-02-21,555352.79,330000.00
2017-02-22,545871.05,330000.00
2017-02-24,539446.13,330000.00
2017-02-27,526237.16,330000.00
2017-02-28,517159.40,330000.00
2017-03-01,538918.45,340000.00
2017-03-02,538052.41,340000.00
2017-03-03,537747.93,340000.00
2017-03-06,533807.55,340000.00
2017-03-07,523309.32,340000.00
2017-03-09,520520.36,340000.00
2017-03-10,518820.61,340000.00
2017-03-13,521421.91,340000.00
2017-03-14,524750.70,340000.00
2017-03-15,520552.27,340000.00
2017-03-16,525851.04,340000.00
2017-03-17,533355.52,340000.00
2017-03-20,534729.94,340000.00
2017-03-21,538496.25,340000.00
2017-03-22,541827.20,340000.00
2017-03-23,538202.60,340000.00
2017-03-24,537580.57,340000.00
2017-03-27,530336.45,340000.00
2017-03-28,536986.16,340000.00
2017-03-29,534901.57,340000.00
2017-03-30,532087.72,340000.00
2017-03-31,526179.08,340000.00
2017-04-03,541554.61,350000.00
2017-04-04,543629.15,350000.00
2017-04-05,556166.64,350000.00
2017-04-06,554103.07,350000.00
2017-04-07,546050.04,350000.00
2017-04-10,529332.22,350000.00
2017-04-11,527055.37,350000.00
2017-04-12,512911.16,350000.00
2017-04-13,514964.13,350000.00
2017-04-14,505013.16,350000.00
2017-04-17,514892.72,350000.00
2017-04-18,507018.70,350000.00
2017-04-19,503723.17,350000.00
2017-04-20,508424.98,350000.00
2017-04-21,511633.93,350000.00
2017-04-24,518696.69,350000.00
2017-04-25,526281.68,350000.00
2017-04-26,532686.22,350000.00
2017-04-27,528489.46,350000.00
2017-04-28,525917.72,350000.00
2017-05-02,539168.14,360000.00
2017-05-03,538091.67,360000.00
2017-05-04,542301.75,360000.00
2017-05-05,541200.62,360000.00
2017-05-10,547842.51,360000.00
2017-05-11,541373.10,360000.00
2017-05-12,535238.41,360000.00
2017-05-15,535310.60,360000.00
2017-05-16,532595.85,360000.00
2017-05-17,530870.43,360000.00
2017-05-18,526102.12,360000.00
2017-05-19,525347.67,360000.00
2017-05-22,520408.65,360000.00
2017-05-23,526637.92,360000.00
2017-05-24,526717.06,360000.00
2017-05-25,529401.43,360000.00
2017-05-26,525512.11,360000.00
2017-05-29,533862.21,360000.00
2017-05-30,530996.58,360000.00
2017-05-31,514166.04,360000.00
2017-06-01,507991.03,370000.00
2017-06-02,510894.41,370000.00
2017-06-05,508939.98,370000.00
2017-06-06,505527.14,370000.00
2017-06-07,503401.63,370000.00
2017-06-08,505827.67,370000.00
2017-06-09,504194.69,370000.00
2017-06-13,495192.10,370000.00
2017-06-14,485036.39,370000.00
2017-06-15,480202.59,370000.00
2017-06-16,489052.43,370000.00
2017-06-19,489503.28,370000.00
2017-06-20,499305.10,370000.00
2017-06-21,498279.97,370000.00
2017-06-22,495609.67,370000.00
2017-06-23,499578.51,370000.00
2017-06-26,497588.14,370000.00
2017-06-27,508450.12,370000.00
2017-06-28,510164.14,370000.00
2017-06-29,506415.44,370000.00
2017-06-30,507072.73,370000.00
2017-07-03,525317.61,380000.00
2017-07-04,529368.92,380000.00
2017-07-05,531854.41,380000.00
2017-07-06,532041.50,380000.00
2017-07-07,533120.03,380000.00
2017-07-10,536940.95,380000.00
2017-07-11,546731.42,380000.00
2017-07-12,554322.50,380000.00
2017-07-13,552347.14,380000.00
2017-07-14,551254.15,380000.00
2017-07-17,553621.94,380000.00
2017-07-18,551062.70,380000.00
2017-07-19,560594.47,380000.00
2017-07-20,554655.12,380000.00
2017-07-21,546697.35,380000.00
2017-07-24,552679.80,380000.00
2017-07-25,550885.25,380000.00
2017-07-26,551689.15,380000.00
2017-07-27,557620.66,380000.00
2017-07-28,552090.52,380000.00
2017-07-31,558183.07,380000.00
2017-08-01,578114.35,390000.00
2017-08-02,583587.01,390000.00
2017-08-03,583836.69,390000.00
2017-08-04,581268.80,390000.00
2017-08-07,588014.71,390000.00
2017-08-08,592208.53,390000.00
2017-08-09,589299.29,390000.00
2017-08-10,585128.06,390000.00
2017-08-11,575757.91,390000.00
2017-08-14,578681.66,390000.00
2017-08-15,578901.52,390000.00
2017-08-16,575455.23,390000.00
2017-08-17,577387.68,390000.00
2017-08-18,574682.27,390000.00
2017-08-21,577452.53,390000.00
2017-08-22,580986.12,390000.00
2017-08-23,584676.60,390000.00
2017-08-24,591304.62,390000.00
2017-08-25,593946.34,390000.00
2017-08-28,595422.29,390000.00
2017-08-29,597329.09,390000.00
2017-08-30,602851.37,390000.00
2017-08-31,610659.66,390000.00
2017-09-01,620525.65,400000.00
2017-09-04,620964.58,400000.00
2017-09-05,620066.39,400000.00
2017-09-06,623904.94,400000.00
2017-09-07,619132.03,400000.00
2017-09-08,622829.47,400000.00
2017-09-11,629310.08,400000.00
2017-09-12,631512.57,400000.00
2017-09-13,628747.53,400000.00
2017-09-14,629370.17,400000.00
2017-09-15,630685.01,400000.00
2017-09-18,629739.83,400000.00
2017-09-19,624501.63,400000.00
2017-09-20,630820.27,400000.00
2017-09-21,629357.96,400000.00
2017-09-22,625990.51,400000.00
2017-09-25,630453.28,400000.00
2017-09-26,631649.58,400000.00
2017-09-27,634855.48,400000.00
2017-09-28,631263.99,400000.00
2017-09-29,635285.16,400000.00
2017-10-02,650280.06,410000.00
2017-10-03,650608.07,410000.00
2017-10-04,649309.40,410000.00
2017-10-05,652807.24,410000.00
2017-10-06,653889.55,410000.00
2017-10-09,656665.56,410000.00
2017-10-10,654346.88,410000.00
2017-10-11,660728.25,410000.00
2017-10-12,658491.81,410000.00
2017-10-13,662920.23,410000.00
2017-10-16,667785.68,410000.00
2017-10-17,664658.31,410000.00
2017-10-18,661826.39,410000.00
2017-10-19,653011.77,410000.00
2017-10-20,658325.71,410000.00
2017-10-23,656525.71,410000.00
2017-10-24,657578.99,410000.00
2017-10-25,650806.98,410000.00
2017-10-26,650451.28,410000.00
2017-10-27,658689.30,410000.00
2017-10-30,657903.31,410000.00
2017-10-31,655310.25,410000.00
2017-11-01,676411.47,420000.00
2017-11-02,674555.23,420000.00
2017-11-03,677430.03,420000.00
2017-11-07,699380.55,420000.00
2017-11-08,705778.87,420000.00
2017-11-09,713732.02,420000.00
2017-11-10,705645.01,420000.00
2017-11-13,705433.51,420000.00
2017-11-14,710640.45,420000.00
2017-11-15,707862.54,420000.00
2017-11-16,707643.01,420000.00
2017-11-17,704285.01,420000.00
2017-11-20,702543.96,420000.00
2017-11-21,710793.02,420000.00
2017-11-22,711042.82,420000.00
2017-11-23,705246.45,420000.00
2017-11-24,711516.31,420000.00
2017-11-27,703439.68,420000.00
2017-11-28,703686.19,420000.00
2017-11-29,695090.15,420000.00
2017-11-30,688072.55,420000.00
2017-12-01,697360.10,430000.00
2017-12-04,693895.43,430000.00
2017-12-05,691119.08,430000.00
2017-12-06,697609.02,430000.00
2017-12-07,691746.28,430000.00
2017-12-08,693353.75,430000.00
2017-12-11,713514.06,430000.00
2017-12-12,717224.61,430000.00
2017-12-13,705963.89,430000.00
2017-12-14,717465.10,430000.00
2017-12-15,714082.31,430000.00
2017-12-18,713175.55,430000.00
2017-12-19,706091.14,430000.00
2017-12-20,702904.08,430000.00
2017-12-21,697618.22,430000.00
2017-12-22,698573.90,430000.00
2017-12-25,697751.72,430000.00
2017-12-26,694628.46,430000.00
2017-12-27,702710.80,430000.00
2017-12-28,701910.27,430000.00
2017-12-29,703649.03,430000.00
2018-01-03,728860.35,440000.00
2018-01-04,742241.70,440000.00
2018-01-05,743970.20,440000.00
2018-01-09,751194.78,440000.00
2018-01-10,750303.62,440000.00
2018-01-11,753109.88,440000.00
2018-01-12,755349.87,440000.00
2018-01-15,758087.58,440000.00
2018-01-16,793887.89,440000.00
2018-01-17,800353.87,440000.00
2018-01-18,811309.35,440000.00
2018-01-19,808297.34,440000.00
2018-01-22,814272.72,440000.00
2018-01-23,805916.68,440000.00
2018-01-24,809225.12,440000.00
2018-01-25,822715.02,440000.00
2018-01-26,816677.70,440000.00
2018-01-29,819264.90,440000.00
2018-01-30,821598.12,440000.00
2018-01-31,819024.14,440000.00
2018-02-01,834404.22,450000.00
2018-02-02,822786.46,450000.00
2018-02-05,828049.29,450000.00
2018-02-06,818290.24,450000.00
2018-02-07,822784.69,450000.00
2018-02-08,810876.56,450000.00
2018-02-09,801835.17,450000.00
2018-02-12,809841.05,450000.00
2018-02-13,824712.20,450000.00
2018-02-14,828347.50,450000.00
2018-02-15,835039.46,450000.00
2018-02-16,827383.11,450000.00
2018-02-19,829616.58,450000.00
2018-02-20,827754.69,450000.00
2018-02-21,848943.91,450000.00
2018-02-22,848707.99,450000.00
2018-02-26,863031.17,450000.00
2018-02-27,851849.87,450000.00
2018-02-28,832353.25,450000.00
2018-03-01,845599.48,460000.00
2018-03-02,840383.55,460000.00
2018-03-05,847523.97,460000.00
2018-03-06,840693.54,460000.00
2018-03-07,838101.83,460000.00
2018-03-09,840447.47,460000.00
2018-03-12,842336.22,460000.00
2018-03-13,843391.88,460000.00
2018-03-14,826170.76,460000.00
2018-03-15,817451.63,460000.00
2018-03-16,824139.12,460000.00
2018-03-19,818124.37,460000.00
2018-03-20,818687.44,460000.00
2018-03-21,832981.63,460000.00
2018-03-22,826593.59,460000.00
2018-03-23,823877.83,460000.00
2018-03-26,804151.91,460000.00
2018-03-27,807272.16,460000.00
2018-03-28,800090.94,460000.00
2018-03-29,806783.77,460000.00
2018-03-30,806021.91,460000.00
2018-04-02,811286.61,470000.00
2018-04-03,812677.98,470000.00
2018-04-04,816893.46,470000.00
2018-04-05,830175.20,470000.00
2018-04-06,825744.64,470000.00
2018-04-09,737393.33,470000.00
2018-04-10,769475.43,470000.00
2018-04-11,761389.04,470000.00
2018-04-12,776465.48,470000.00
2018-04-13,760797.18,470000.00
2018-04-16,740975.31,470000.00
2018-04-17,769088.96,470000.00
2018-04-18,791616.20,470000.00
2018-04-19,788201.40,470000.00
2018-04-20,791672.41,470000.00
2018-04-23,804275.91,470000.00
2018-04-24,804238.93,470000.00
2018-04-25,803231.13,470000.00
2018-04-26,815417.57,470000.00
2018-04-27,816029.54,470000.00
2018-04-28,815485.09,470000.00
2018-04-30,820601.05,470000.00
2018-05-02,832858.37,480000.00
2018-05-03,826635.83,480000.00
2018-05-04,828620.70,480000.00
2018-05-07,832436.35,480000.00
2018-05-08,831527.53,480000.00
2018-05-10,830754.96,480000.00
2018-05-11,838588.05,480000.00
2018-05-14,845687.02,480000.00
2018-05-15,837870.14,480000.00
2018-05-16,838311.10,480000.00
2018-05-17,833889.20,480000.00
2018-05-18,827227.45,480000.00
2018-05-21,832588.36,480000.00
2018-05-22,835461.78,480000.00
2018-05-23,821191.03,480000.00
2018-05-24,824504.19,480000.00
2018-05-25,827117.06,480000.00
2018-05-28,826094.95,480000.00
2018-05-29,820810.73,480000.00
2018-05-30,820341.81,480000.00
2018-05-31,821263.27,480000.00
2018-06-01,830572.06,490000.00
2018-06-04,841461.12,490000.00
2018-06-05,837941.32,490000.00
2018-06-06,841680.10,490000.00
2018-06-07,846002.78,490000.00
2018-06-08,823972.14,490000.00
2018-06-09,830845.55,490000.00
2018-06-11,831414.62,490000.00
2018-06-13,836864.03,490000.00
2018-06-14,832989.32,490000.00
2018-06-15,822700.61,490000.00
2018-06-18,805871.44,490000.00
2018-06-19,807057.19,490000.00
2018-06-20,819366.02,490000.00
2018-06-21,814382.06,490000.00
2018-06-22,816478.89,490000.00
2018-06-25,799064.31,490000.00
2018-06-26,796010.73,490000.00
2018-06-27,801358.00,490000.00
2018-06-28,797884.09,490000.00
2018-06-29,819552.77,490000.00
2018-07-02,836351.94,500000.00
2018-07-03,831027.15,500000.00
2018-07-04,829313.69,500000.00
2018-07-05,846540.12,500000.00
2018-07-06,852492.49,500000.00
2018-07-09,866013.71,500000.00
2018-07-10,866783.14,500000.00
2018-07-11,852485.35,500000.00
2018-07-12,850670.86,500000.00
2018-07-13,858322.41,500000.00
2018-07-16,847106.06,500000.00
2018-07-17,838969.16,500000.00
2018-07-18,832350.92,500000.00
2018-07-19,819199.40,500000.00
2018-07-20,812369.93,500000.00
2018-07-23,819513.84,500000.00
2018-07-24,832540.16,500000.00
2018-07-25,834065.22,500000.00
2018-07-26,832587.87,500000.00
2018-07-27,836017.80,500000.00
2018-07-30,842555.22,500000.00
2018-07-31,850407.45,500000.00
2018-08-01,855315.19,510000.00
2018-08-02,840884.68,510000.00
2018-08-03,845457.80,510000.00
2018-08-06,844467.95,510000.00
2018-08-07,843612.78,510000.00
2018-08-08,835934.98,510000.00
2018-08-09,840762.16,510000.00
2018-08-10,823511.00,510000.00
2018-08-13,836196.16,510000.00
2018-08-14,844291.17,510000.00
2018-08-15,835128.60,510000.00
2018-08-16,833244.86,510000.00
2018-08-17,828672.01,510000.00
2018-08-20,837502.41,510000.00
2018-08-21,837231.25,510000.00
2018-08-22,840044.81,510000.00
2018-08-23,823447.66,510000.00
2018-08-24,832519.56,510000.00
2018-08-27,839723.48,510000.00
2018-08-28,839282.61,510000.00
2018-08-29,850499.31,510000.00
2018-08-30,839213.63,510000.00
2018-08-31,847232.71,510000.00
2018-09-03,861510.43,520000.00
2018-09-04,857256.60,520000.00
2018-09-05,844987.62,520000.00
2018-09-06,840458.76,520000.00
2018-09-07,836932.60,520000.00
2018-09-10,841403.52,520000.00
2018-09-11,842839.55,520000.00
2018-09-12,846727.08,520000.00
2018-09-13,859016.82,520000.00
2018-09-14,864114.22,520000.00
2018-09-17,862930.68,520000.00
2018-09-18,866505.56,520000.00
2018-09-19,870110.82,520000.00
2018-09-20,870895.16,520000.00
2018-09-21,884751.69,520000.00
2018-09-24,877225.96,520000.00
2018-09-25,873110.25,520000.00
2018-09-26,873458.56,520000.00
2018-09-27,895343.32,520000.00
2018-09-28,883304.01,520000.00
2018-10-01,894880.21,530000.00
2018-10-02,884787.42,530000.00
2018-10-03,890406.85,530000.00
2018-10-04,876376.21,530000.00
2018-10-05,868243.95,530000.00
2018-10-08,876742.11,530000.00
2018-10-09,878227.80,530000.00
2018-10-10,873810.49,530000.00
2018-10-11,857401.92,530000.00
2018-10-12,865757.73,530000.00
2018-10-15,857179.55,530000.00
2018-10-16,869112.09,530000.00
2018-10-17,875154.96,530000.00
2018-10-18,867405.95,530000.00
2018-10-19,857302.12,530000.00
2018-10-22,846059.28,530000.00
2018-10-23,835920.36,530000.00
2018-10-24,842417.99,530000.00
2018-10-25,838775.04,530000.00
2018-10-26,824494.73,530000.00
2018-10-29,833960.90,530000.00
2018-10-30,830978.34,530000.00
2018-10-31,855891.87,530000.00
2018-11-01,868420.57,540000.00
2018-11-02,879304.19,540000.00
2018-11-06,887288.79,540000.00
2018-11-07,895236.56,540000.00
2018-11-08,891539.93,540000.00
2018-11-09,888428.49,540000.00
2018-11-12,883432.32,540000.00
2018-11-13,885563.92,540000.00
2018-11-14,886556.82,540000.00
2018-11-15,888927.71,540000.00
2018-11-16,887940.67,540000.00
2018-11-19,880939.54,540000.00
2018-11-20,872035.11,540000.00
2018-11-21,880868.62,540000.00
2018-11-22,885064.84,540000.00
2018-11-23,884775.48,540000.00
2018-11-26,870191.76,540000.00
2018-11-27,873075.07,540000.00
2018-11-28,880806.54,540000.00
2018-11-29,888361.42,540000.00
2018-11-30,889867.87,540000.00
2018-12-03,905856.43,550000.00
2018-12-04,902274.93,550000.00
2018-12-05,903024.64,550000.00
2018-12-06,897629.55,550000.00
2018-12-07,899696.85,550000.00
2018-12-10,889584.69,550000.00
2018-12-11,889728.08,550000.00
2018-12-12,887957.34,550000.00
2018-12-13,891430.04,550000.00
2018-12-14,885064.42,550000.00
2018-12-17,889885.94,550000.00
2018-12-18,895947.33,550000.00
2018-12-19,899837.74,550000.00
2018-12-20,899207.70,550000.00
2018-12-21,885247.49,550000.00
2018-12-24,874151.00,550000.00
2018-12-25,868825.39,550000.00
2018-12-26,871666.60,550000.00
2018-12-27,876494.21,550000.00
2018-12-28,883946.79,550000.00
2018-12-29,886703.93,550000.00
2019-01-03,893765.56,560000.00
2019-01-04,902769.85,560000.00
2019-01-08,903678.65,560000.00
2019-01-09,915503.91,560000.00
2019-01-10,920524.23,560000.00
2019-01-11,923987.39,560000.00
2019-01-14,925189.48,560000.00
2019-01-15,929473.19,560000.00
2019-01-16,980664.17,560000.00
2019-01-17,984944.76,560000.00
2019-01-18,996125.94,560000.00
2019-01-21,992320.27,560000.00
2019-01-22,994417.17,560000.00
2019-01-23,996501.47,560000.00
2019-01-24,989718.90,560000.00
2019-01-25,994167.12,560000.00
2019-01-28,985938.85,560000.00
2019-01-29,997297.83,560000.00
2019-01-30,1006125.62,560000.00
2019-01-31,1014784.36,560000.00
2019-02-01,1025393.77,570000.00
2019-02-04,1027106.23,570000.00
2019-02-05,1032979.15,570000.00
2019-02-06,1030172.12,570000.00
2019-02-07,1021001.84,570000.00
2019-02-08,1018711.40,570000.00
2019-02-11,1023546.44,570000.00
2019-02-12,1033432.62,570000.00
2019-02-13,1012970.92,570000.00
2019-02-14,1005947.75,570000.00
2019-02-15,1014957.52,570000.00
2019-02-18,1003644.92,570000.00
2019-02-19,999139.33,570000.00
2019-02-20,1015604.33,570000.00
2019-02-21,1003479.07,570000.00
2019-02-22,1009210.61,570000.00
2019-02-25,1022592.56,570000.00
2019-02-26,1022002.94,570000.00
2019-02-27,1018035.65,570000.00
2019-02-28,1013713.07,570000.00
2019-03-01,1021488.01,580000.00
2019-03-04,1017383.34,580000.00
2019-03-05,1011387.40,580000.00
2019-03-06,1022845.50,580000.00
2019-03-07,1018957.13,580000.00
2019-03-11,1013059.87,580000.00
2019-03-12,1014450.05,580000.00
2019-03-13,1004895.52,580000.00
2019-03-14,1000446.26,580000.00
2019-03-15,1011955.28,580000.00
2019-03-18,1018004.34,580000.00
2019-03-19,1020757.16,580000.00
2019-03-20,1022306.71,580000.00
2019-03-21,1024510.73,580000.00
2019-03-22,1016448.74,580000.00
2019-03-25,1022538.46,580000.00
2019-03-26,1030654.63,580000.00
2019-03-27,1017949.60,580000.00
2019-03-28,1019223.88,580000.00
2019-03-29,1026472.61,580000.00
2019-04-01,1050427.56,590000.00
2019-04-02,1052318.27,590000.00
2019-04-03,1056298.49,590000.00
2019-04-04,1062079.60,590000.00
2019-04-05,1066445.85,590000.00
2019-04-08,1074337.38,590000.00
2019-04-09,1082950.87,590000.00
2019-04-10,1087494.28,590000.00
2019-04-11,1075103.47,590000.00
2019-04-12,1082407.50,590000.00
2019-04-15,1075706.67,590000.00
2019-04-16,1073468.96,590000.00
2019-04-17,1073826.59,590000.00
2019-04-18,1069136.34,590000.00
2019-04-19,1072290.22,590000.00
2019-04-22,1077929.65,590000.00
2019-04-23,1069486.36,590000.00
2019-04-24,1069744.74,590000.00
2019-04-25,1063068.88,590000.00
2019-04-26,1062679.84,590000.00
2019-04-29,1064010.46,590000.00
2019-04-30,1052989.41,590000.00
2019-05-02,1069150.81,600000.00
2019-05-03,1078422.84,600000.00
2019-05-06,1073859.85,600000.00
2019-05-07,1069951.26,600000.00
2019-05-08,1063283.40,600000.00
2019-05-10,1047332.27,600000.00
2019-05-13,1040830.64,600000.00
2019-05-14,1043356.94,600000.00
2019-05-15,1039875.10,600000.00
2019-05-16,1034344.91,600000.00
2019-05-17,1038233.13,600000.00
2019-05-20,1039999.55,600000.00
2019-05-21,1053781.57,600000.00
2019-05-22,1065611.14,600000.00
2019-05-23,1050490.57,600000.00
2019-05-24,1060717.21,600000.00
2019-05-27,1065130.16,600000.00
2019-05-28,1066990.52,600000.00
2019-05-29,1073549.79,600000.00
2019-05-30,1074852.97,600000.00
2019-05-31,1071797.36,600000.00
2019-06-03,1095267.63,610000.00
2019-06-04,1089875.99,610000.00
2019-06-05,1091959.57,610000.00
2019-06-06,1105319.06,610000.00
2019-06-07,1108773.68,610000.00
2019-06-10,1113213.85,610000.00
2019-06-11,1111932.71,610000.00
2019-06-13,1124593.83,610000.00
2019-06-14,1123905.17,610000.00
2019-06-17,1109159.74,610000.00
2019-06-18,1124313.14,610000.00
2019-06-19,1125016.26,610000.00
2019-06-20,1125939.18,610000.00
2019-06-21,1116914.03,610000.00
2019-06-24,1117689.86,610000.00
2019-06-25,1114449.91,610000.00
2019-06-26,1123457.44,610000.00
2019-06-27,1126579.93,610000.00
2019-06-28,1122572.73,610000.00
2019-07-01,1142091.47,620000.00
2019-07-02,1146055.40,620000.00
2019-07-03,1147521.61,620000.00
2019-07-04,1145068.25,620000.00
2019-07-05,1143637.67,620000.00
2019-07-08,1147267.47,620000.00
2019-07-09,1148193.01,620000.00
2019-07-10,1148905.50,620000.00
2019-07-11,1129288.29,620000.00
2019-07-12,1125983.83,620000.00
2019-07-15,1120578.02,620000.00
2019-07-16,1124680.73,620000.00
2019-07-17,1087689.48,620000.00
2019-07-18,1088510.08,620000.00
2019-07-19,1078627.72,620000.00
2019-07-22,1065800.35,620000.00
2019-07-23,1071964.93,620000.00
2019-07-24,1064537.52,620000.00
2019-07-25,1068269.92,620000.00
2019-07-26,1054556.31,620000.00
2019-07-29,1067018.11,620000.00
2019-07-30,1070359.34,620000.00
2019-07-31,1069950.86,620000.00
2019-08-01,1072163.00,630000.00
2019-08-02,1053983.86,630000.00
2019-08-05,1046491.65,630000.00
2019-08-06,1195918.96,630000.00
2019-08-07,1193549.45,630000.00
2019-08-08,1202406.92,630000.00
2019-08-09,1190000.11,630000.00
2019-08-12,1199765.83,630000.00
2019-08-13,1193964.78,630000.00
2019-08-14,1177482.76,630000.00
2019-08-15,1175749.66,630000.00
2019-08-16,1166009.74,630000.00
2019-08-19,1176804.47,630000.00
2019-08-20,1184120.68,630000.00
2019-08-21,1182733.87,630000.00
2019-08-22,1184463.62,630000.00
2019-08-23,1183379.99,630000.00
2019-08-26,1180452.94,630000.00
2019-08-27,1189019.91,630000.00
2019-08-28,1194053.76,630000.00
2019-08-29,1209120.65,630000.00
2019-08-30,1234607.78,630000.00
2019-09-02,1289196.35,640000.00
2019-09-03,1340493.90,640000.00
2019-09-04,1345972.91,640000.00
2019-09-05,1328987.45,640000.00
2019-09-06,1315591.48,640000.00
2019-09-09,1304561.13,640000.00
2019-09-10,1321093.58,640000.00
2019-09-11,1353548.30,640000.00
2019-09-12,1359107.71,640000.00
2019-09-13,1359345.04,640000.00
2019-09-16,1368353.26,640000.00
2019-09-17,1361455.50,640000.00
2019-09-18,1353112.48,640000.00
2019-09-19,1345195.08,640000.00
2019-09-20,1341970.53,640000.00
2019-09-23,1339155.85,640000.00
2019-09-24,1320628.87,640000.00
2019-09-25,1320597.12,640000.00
2019-09-26,1326999.38,640000.00
2019-09-27,1324028.63,640000.00
2019-09-30,1332821.68,640000.00
2019-10-01,1342910.02,650000.00
2019-10-02,1321066.40,650000.00
2019-10-03,1319763.39,650000.00
2019-10-04,1302007.99,650000.00
2019-10-07,1319977.86,650000.00
2019-10-08,1319335.34,650000.00
2019-10-09,1326215.47,650000.00
2019-10-10,1336174.52,650000.00
2019-10-11,1340122.39,650000.00
2019-10-14,1325772.54,650000.00
2019-10-15,1325566.55,650000.00
2019-10-16,1340874.25,650000.00
2019-10-17,1342769.06,650000.00
2019-10-18,1344181.06,650000.00
2019-10-21,1341689.31,650000.00
2019-10-22,1359230.68,650000.00
2019-10-23,1392136.36,650000.00
2019-10-24,1433248.59,650000.00
2019-10-25,1452693.34,650000.00
2019-10-28,1436761.17,650000.00
2019-10-29,1448931.37,650000.00
2019-10-30,1438582.87,650000.00
2019-10-31,1418515.40,650000.00
2019-11-01,1464758.13,660000.00
2019-11-05,1471815.51,660000.00
2019-11-06,1480110.61,660000.00
2019-11-07,1504348.67,660000.00
2019-11-08,1486024.60,660000.00
2019-11-11,1495685.88,660000.00
2019-11-12,1480031.41,660000.00
2019-11-13,1464792.12,660000.00
2019-11-14,1460803.09,660000.00
2019-11-15,1459290.73,660000.00
2019-11-18,1448528.54,660000.00
2019-11-19,1464202.22,660000.00
2019-11-20,1460552.66,660000.00
2019-11-21,1451857.13,660000.00
2019-11-22,1458919.24,660000.00
2019-11-25,1455458.41,660000.00
2019-11-26,1433800.99,660000.00
2019-11-27,1427677.43,660000.00
2019-11-28,1420926.35,660000.00
2019-11-29,1418982.40,660000.00
2019-12-02,1414144.62,670000.00
2019-12-03,1402693.22,670000.00
2019-12-04,1412103.71,670000.00
2019-12-05,1418119.16,670000.00
2019-12-06,1438394.53,670000.00
2019-12-09,1456506.30,670000.00
2019-12-10,1452209.12,670000.00
2019-12-11,1472974.51,670000.00
2019-12-12,1506824.96,670000.00
2019-12-13,1514944.53,670000.00
2019-12-16,1522504.39,670000.00
2019-12-17,1525252.93,670000.00
2019-12-18,1532832.65,670000.00
2019-12-19,1530636.60,670000.00
2019-12-20,1534589.00,670000.00
2019-12-23,1569963.95,670000.00
2019-12-24,1570842.06,670000.00
2019-12-25,1564680.65,670000.00
2019-12-26,1558029.73,670000.00
2019-12-27,1565533.97,670000.00
2019-12-30,1560379.91,670000.00
2020-01-03,1587682.48,680000.00
2020-01-06,1590494.96,680000.00
2020-01-08,1599771.34,680000.00
2020-01-09,1608478.99,680000.00
2020-01-10,1610291.23,680000.00
2020-01-13,1629482.73,680000.00
2020-01-14,1620673.43,680000.00
2020-01-15,1616152.11,680000.00
2020-01-16,1626455.17,680000.00
2020-01-17,1726968.28,680000.00
2020-01-20,1743218.68,680000.00
2020-01-21,1724006.28,680000.00
2020-01-22,1688881.03,680000.00
2020-01-23,1667032.71,680000.00
2020-01-24,1669672.26,680000.00
2020-01-27,1625954.34,680000.00
2020-01-28,1642693.86,680000.00
2020-01-29,1652402.23,680000.00
2020-01-30,1637039.78,680000.00
2020-01-31,1610156.91,680000.00
2020-02-03,1592491.04,690000.00
2020-02-04,1626672.14,690000.00
2020-02-05,1634674.61,690000.00
2020-02-06,1629327.75,690000.00
2020-02-07,1629837.66,690000.00
2020-02-10,1628394.94,690000.00
2020-02-11,1654074.79,690000.00
2020-02-12,1669541.11,690000.00
2020-02-13,1651820.47,690000.00
2020-02-14,1648209.78,690000.00
2020-02-17,1655584.87,690000.00
2020-02-18,1629963.39,690000.00
2020-02-19,1650501.45,690000.00
2020-02-20,1648691.18,690000.00
2020-02-21,1640531.13,690000.00
2020-02-25,1596633.32,690000.00
2020-02-26,1601752.29,690000.00
2020-02-27,1530678.50,690000.00
2020-02-28,1469077.75,690000.00
2020-03-02,1470649.78,700000.00
2020-03-03,1499774.27,700000.00
2020-03-04,1504707.93,700000.00
2020-03-05,1491078.07,700000.00
2020-03-06,1465734.04,700000.00
2020-03-10,1418535.40,700000.00
2020-03-11,1391232.27,700000.00
2020-03-12,1300613.08,700000.00
2020-03-13,1314970.39,700000.00
2020-03-16,1287574.16,700000.00
2020-03-17,1272889.68,700000.00
2020-03-18,1206274.47,700000.00
2020-03-19,1273188.85,700000.00
2020-03-20,1278530.44,700000.00
2020-03-23,1239921.83,700000.00
2020-03-24,1332923.40,700000.00
2020-03-25,1355535.85,700000.00
2020-03-26,1381678.00,700000.00
2020-03-27,1335434.60,700000.00
2020-03-30,1364677.67,700000.00
2020-03-31,1401123.03,700000.00
2020-04-01,1403417.09,710000.00
2020-04-02,1424090.86,710000.00
2020-04-03,1432497.85,710000.00
2020-04-06,1461950.15,710000.00
2020-04-07,1465182.21,710000.00
2020-04-08,1484809.14,710000.00
2020-04-09,1509982.46,710000.00
2020-04-10,1493473.66,710000.00
2020-04-13,1461202.80,710000.00
2020-04-14,1471870.12,710000.00
2020-04-15,1402696.81,710000.00
2020-04-16,1406818.48,710000.00
2020-04-17,1421128.45,710000.00
2020-04-20,1425774.91,710000.00
2020-04-21,1397847.20,710000.00
2020-04-22,1429569.68,710000.00
2020-04-23,1442620.47,710000.00
2020-04-24,1428021.24,710000.00
2020-04-27,1423892.54,710000.00
2020-04-28,1445882.41,710000.00
2020-04-29,1468255.70,710000.00
2020-04-30,1467731.64,710000.00
2020-05-04,1454606.21,720000.00
2020-05-05,1458323.54,720000.00
2020-05-06,1446420.27,720000.00
2020-05-07,1456475.98,720000.00
2020-05-08,1462358.28,720000.00
2020-05-12,1462780.80,720000.00
2020-05-13,1439928.91,720000.00
2020-05-14,1448712.45,720000.00
2020-05-15,1455215.14,720000.00
2020-05-18,1502343.04,720000.00
2020-05-19,1505800.06,720000.00
2020-05-20,1545563.76,720000.00
2020-05-21,1509459.70,720000.00
2020-05-22,1501022.56,720000.00
2020-05-25,1545561.31,720000.00
2020-05-26,1541767.73,720000.00
2020-05-27,1544875.17,720000.00
2020-05-28,1567305.87,720000.00
2020-05-29,1536802.07,720000.00
2020-06-01,1554840.68,730000.00
2020-06-02,1577696.40,730000.00
2020-06-03,1582798.95,730000.00
2020-06-04,1531589.08,730000.00
2020-06-05,1554529.35,730000.00
2020-06-08,1553388.40,730000.00
2020-06-09,1549700.89,730000.00
2020-06-10,1549281.25,730000.00
2020-06-11,1516767.75,730000.00
2020-06-15,1484544.87,730000.00
2020-06-16,1499615.78,730000.00
2020-06-17,1490718.80,730000.00
2020-06-18,1468774.24,730000.00
2020-06-19,1481520.91,730000.00
2020-06-22,1483216.04,730000.00
2020-06-23,1499131.39,730000.00
2020-06-25,1490247.82,730000.00
2020-06-26,1471931.74,730000.00
2020-06-29,1472230.75,730000.00
2020-06-30,1465389.13,730000.00
2020-07-02,1488988.73,740000.00
2020-07-03,1500934.04,740000.00
2020-07-06,1506958.54,740000.00
2020-07-07,1508531.69,740000.00
2020-07-08,1510979.32,740000.00
2020-07-09,1493180.53,740000.00
2020-07-10,1499758.30,740000.00
2020-07-13,1472276.02,740000.00
2020-07-14,1470496.65,740000.00
2020-07-15,1478002.31,740000.00
2020-07-16,1476003.75,740000.00
2020-07-17,1479162.26,740000.00
2020-07-20,1491423.89,740000.00
2020-07-21,1498162.38,740000.00
2020-07-22,1498457.79,740000.00
2020-07-23,1497133.94,740000.00
2020-07-24,1515903.98,740000.00
2020-07-27,1533868.21,740000.00
2020-07-28,1526396.21,740000.00
2020-07-29,1544119.23,740000.00
2020-07-30,1533407.40,740000.00
2020-07-31,1541578.87,740000.00
2020-08-03,1561319.43,750000.00
2020-08-04,1570389.75,750000.00
2020-08-05,1582158.95,750000.00
2020-08-06,1778363.92,750000.00
2020-08-07,1768751.16,750000.00
2020-08-10,1776065.87,750000.00
2020-08-11,1794055.66,750000.00
2020-08-12,1842863.25,750000.00
2020-08-13,1845892.52,750000.00
2020-08-14,1833662.68,750000.00
2020-08-17,1830191.34,750000.00
2020-08-18,1820040.23,750000.00
2020-08-19,1821766.39,750000.00
2020-08-20,1789629.20,750000.00
2020-08-21,1787073.04,750000.00
2020-08-24,1793955.89,750000.00
2020-08-25,1784165.91,750000.00
2020-08-26,1802372.99,750000.00
2020-08-27,1780673.02,750000.00
2020-08-28,1760901.59,750000.00
2020-08-31,1749852.95,750000.00
2020-09-01,1778595.67,760000.00
2020-09-02,1763198.43,760000.00
2020-09-03,1742171.24,760000.00
2020-09-04,1749763.35,760000.00
2020-09-07,1745739.62,760000.00
2020-09-08,1728469.36,760000.00
2020-09-09,1739100.75,760000.00
2020-09-10,1741526.92,760000.00
2020-09-11,1743892.80,760000.00
2020-09-14,1775687.61,760000.00
2020-09-15,1798863.13,760000.00
2020-09-16,1784780.49,760000.00
2020-09-17,1788307.84,760000.00
2020-09-18,1777896.40,760000.00
2020-09-21,1750586.17,760000.00
2020-09-22,1758484.32,760000.00
2020-09-23,1748826.56,760000.00
2020-09-24,1753339.95,760000.00
2020-09-25,1761266.38,760000.00
2020-09-28,1767461.76,760000.00
2020-09-29,1779316.01,760000.00
2020-09-30,1768486.15,760000.00
2020-10-01,1784218.33,770000.00
2020-10-02,1755267.44,770000.00
2020-10-05,1769628.27,770000.00
2020-10-06,1763629.31,770000.00
2020-10-07,1744953.66,770000.00
2020-10-08,1746187.16,770000.00
2020-10-09,1737622.47,770000.00
2020-10-12,1745595.34,770000.00
2020-10-13,1732534.69,770000.00
2020-10-14,1751925.49,770000.00
2020-10-15,1733994.20,770000.00
2020-10-16,1725040.11,770000.00
2020-10-19,1729149.17,770000.00
2020-10-20,1752363.32,770000.00
2020-10-21,1743709.75,770000.00
2020-10-22,1757668.62,770000.00
2020-10-23,1771955.34,770000.00
2020-10-26,1758887.44,770000.00
2020-10-27,1745522.13,770000.00
2020-10-28,1707135.53,770000.00
2020-10-29,1729074.10,770000.00
2020-10-30,1717726.57,770000.00
2020-11-02,1762546.45,780000.00
2020-11-03,1787568.65,780000.00
2020-11-05,1812816.29,780000.00
2020-11-06,1828450.68,780000.00
2020-11-09,1870017.28,780000.00
2020-11-10,1887644.77,780000.00
2020-11-11,1898414.08,780000.00
2020-11-12,1884168.50,780000.00
2020-11-13,1896306.57,780000.00
2020-11-16,1939852.37,780000.00
2020-11-17,1915707.29,780000.00
2020-11-18,1909908.13,780000.00
2020-11-19,1898891.91,780000.00
2020-11-20,1896938.59,780000.00
2020-11-23,1912635.95,780000.00
2020-11-24,1945681.79,780000.00
2020-11-25,1957000.77,780000.00
2020-11-26,1958225.87,780000.00
2020-11-27,1967041.24,780000.00
2020-11-30,1938475.10,780000.00
2020-12-01,1981077.96,790000.00
2020-12-02,2014794.33,790000.00
2020-12-03,2005236.46,790000.00
2020-12-04,2027966.86,790000.00
2020-12-07,2022637.81,790000.00
2020-12-08,2018290.18,790000.00
2020-12-09,2025431.51,790000.00
2020-12-10,2073275.95,790000.00
2020-12-11,2091710.92,790000.00
2020-12-14,2097426.03,790000.00
2020-12-15,2084932.21,790000.00
2020-12-16,2079707.81,790000.00
2020-12-17,2072518.39,790000.00
2020-12-18,2063409.96,790000.00
2020-12-21,2040832.45,790000.00
2020-12-22,2068454.14,790000.00
2020-12-23,2081788.24,790000.00
2020-12-24,2080338.51,790000.00
2020-12-25,2102680.79,790000.00
2020-12-28,2120997.14,790000.00
2020-12-29,2111402.62,790000.00
2020-12-30,2113894.71,790000.00
2021-01-04,2145395.52,800000.00
2021-01-05,2161922.03,800000.00
2021-01-06,2158138.27,800000.00
2021-01-08,2235622.61,800000.00
2021-01-11,2234652.19,800000.00
2021-01-12,2222031.97,800000.00
2021-01-13,2202264.31,800000.00
2021-01-14,2229506.26,800000.00
2021-01-15,2183792.20,800000.00
2021-01-18,2191937.30,800000.00
2021-01-19,2180763.82,800000.00
2021-01-20,2194610.84,800000.00
2021-01-21,2169499.88,800000.00
2021-01-22,2148627.10,800000.00
2021-01-25,2136491.17,800000.00
2021-01-26,2139118.58,800000.00
2021-01-27,2097529.56,800000.00
2021-01-28,2100820.07,800000.00
2021-01-29,2049048.53,800000.00
2021-02-01,2093881.61,810000.00
2021-02-02,2095861.13,810000.00
2021-02-03,2105495.18,810000.00
2021-02-04,2130754.22,810000.00
2021-02-05,2121067.25,810000.00
2021-02-08,2144062.50,810000.00
2021-02-09,2114564.82,810000.00
2021-02-10,2101622.11,810000.00
2021-02-11,2097420.38,810000.00
2021-02-12,2102912.73,810000.00
2021-02-15,2134161.55,810000.00
2021-02-16,2132208.37,810000.00
2021-02-17,2136837.76,810000.00
2021-02-18,2120073.03,810000.00
2021-02-19,2165730.64,810000.00
2021-02-20,2149263.72,810000.00
2021-02-22,2144250.26,810000.00
2021-02-24,2106044.89,810000.00
2021-02-25,2082358.15,810000.00
2021-02-26,2074668.66,810000.00
2021-03-01,2117149.33,820000.00
2021-03-02,2128160.00,820000.00
2021-03-03,2125968.78,820000.00
2021-03-04,2080770.49,820000.00
2021-03-05,2110444.60,820000.00
2021-03-09,2146335.22,820000.00
2021-03-10,2141608.73,820000.00
2021-03-11,2161547.35,820000.00
2021-03-12,2188219.70,820000.00
2021-03-15,2220602.21,820000.00
2021-03-16,2193253.28,820000.00
2021-03-17,2157266.23,820000.00
2021-03-18,2131000.56,820000.00
2021-03-19,2150820.58,820000.00
2021-03-22,2156451.01,820000.00
2021-03-23,2126840.93,820000.00
2021-03-24,2123806.27,820000.00
2021-03-25,2125673.00,820000.00
2021-03-26,2179617.33,820000.00
2021-03-29,2201770.98,820000.00
2021-03-30,2210366.65,820000.00
2021-03-31,2237731.52,820000.00
2021-04-01,2259227.26,830000.00
2021-04-02,2285148.53,830000.00
2021-04-05,2254965.50,830000.00
2021-04-06,2219080.05,830000.00
2021-04-07,2239825.87,830000.00
2021-04-08,2249369.43,830000.00
2021-04-09,2241975.28,830000.00
2021-04-12,2290491.89,830000.00
2021-04-13,2309072.31,830000.00
2021-04-14,2299060.21,830000.00
2021-04-15,2318238.18,830000.00
2021-04-16,2367138.93,830000.00
2021-04-19,2346213.59,830000.00
2021-04-20,2359052.97,830000.00
2021-04-21,2393670.34,830000.00
2021-04-22,2420706.80,830000.00
2021-04-23,2422975.23,830000.00
2021-04-26,2435492.60,830000.00
2021-04-27,2429110.42,830000.00
2021-04-28,2404971.33,830000.00
2021-04-29,2405703.80,830000.00
2021-04-30,2381240.08,830000.00
2021-05-04,2410979.29,840000.00
2021-05-05,2437052.83,840000.00
2021-05-06,2458424.65,840000.00
2021-05-07,2496997.77,840000.00
2021-05-10,2502539.29,840000.00
2021-05-11,2489878.45,840000.00
2021-05-12,2474694.28,840000.00
2021-05-13,2478796.00,840000.00
2021-05-14,2470214.88,840000.00
2021-05-17,2482793.50,840000.00
2021-05-18,2485228.39,840000.00
2021-05-19,2471525.63,840000.00
2021-05-20,2475319.19,840000.00
2021-05-21,2470032.70,840000.00
2021-05-24,2471393.23,840000.00
2021-05-25,2479465.85,840000.00
2021-05-26,2474330.63,840000.00
2021-05-27,2487926.66,840000.00
2021-05-28,2486582.05,840000.00
2021-05-31,2455753.92,840000.00
2021-06-01,2479283.66,850000.00
2021-06-02,2484209.11,850000.00
2021-06-03,2469722.51,850000.00
2021-06-04,2454901.75,850000.00
2021-06-07,2473810.74,850000.00
2021-06-08,2458938.03,850000.00
2021-06-09,2462306.96,850000.00
2021-06-10,2464002.13,850000.00
2021-06-11,2476877.28,850000.00
2021-06-14,2492718.27,850000.00
2021-06-15,2488542.09,850000.00
2021-06-16,2464446.93,850000.00
2021-06-17,2447602.24,850000.00
2021-06-18,2427508.44,850000.00
2021-06-21,2434574.59,850000.00
2021-06-22,2429822.20,850000.00
2021-06-23,2427100.38,850000.00
2021-06-24,2406567.85,850000.00
2021-06-25,2408279.42,850000.00
2021-06-28,2405803.20,850000.00
2021-06-29,2372089.91,850000.00
2021-06-30,2392950.75,850000.00
2021-07-01,2395254.90,860000.00
2021-07-02,2405187.03,860000.00
2021-07-05,2405467.55,860000.00
2021-07-06,2392737.75,860000.00
2021-07-07,2416583.95,860000.00
2021-07-08,2384283.13,860000.00
2021-07-09,2414618.58,860000.00
2021-07-12,2428166.21,860000.00
2021-07-13,2440716.31,860000.00
2021-07-14,2424503.94,860000.00
2021-07-15,2416867.64,860000.00
2021-07-16,2389928.16,860000.00
2021-07-19,2300651.57,860000.00
2021-07-20,2319681.55,860000.00
2021-07-21,2313029.97,860000.00
2021-07-22,2328145.12,860000.00
2021-07-23,2327076.85,860000.00
2021-07-26,2344168.10,860000.00
2021-07-27,2353347.44,860000.00
2021-07-28,2368508.58,860000.00
2021-07-29,2367395.09,860000.00
2021-07-30,2364839.57,860000.00
2021-08-02,2371738.84,870000.00
2021-08-03,2385526.97,870000.00
2021-08-04,2394930.37,870000.00
2021-08-05,2403407.67,870000.00
2021-08-06,2641040.58,870000.00
2021-08-09,2651086.61,870000.00
2021-08-10,2664923.46,870000.00
2021-08-11,2666014.52,870000.00
2021-08-12,2662351.38,870000.00
2021-08-13,2652282.12,870000.00
2021-08-16,2656074.42,870000.00
2021-08-17,2668425.83,870000.00
2021-08-18,2648028.37,870000.00
2021-08-19,2627394.99,870000.00
2021-08-20,2603080.37,870000.00
2021-08-23,2634795.84,870000.00
2021-08-24,2627083.49,870000.00
2021-08-25,2625311.97,870000.00
2021-08-26,2607133.62,870000.00
2021-08-27,2639434.76,870000.00
2021-08-30,2650448.69,870000.00
2021-08-31,2643142.96,870000.00
2021-09-01,2650523.21,880000.00
2021-09-02,2632436.26,880000.00
2021-09-03,2635136.15,880000.00
2021-09-06,2641671.10,880000.00
2021-09-07,2628162.12,880000.00
2021-09-08,2636979.40,880000.00
2021-09-09,2593995.94,880000.00
2021-09-10,2612021.95,880000.00
2021-09-13,2625320.58,880000.00
2021-09-14,2599453.58,880000.00
2021-09-15,2618044.69,880000.00
2021-09-16,2585801.55,880000.00
2021-09-17,2565351.95,880000.00
2021-09-20,2514888.18,880000.00
2021-09-21,2516487.28,880000.00
2021-09-22,2560591.12,880000.00
2021-09-23,2568040.50,880000.00
2021-09-24,2558953.64,880000.00
2021-09-27,2576719.95,880000.00
2021-09-28,2570414.25,880000.00
2021-09-29,2595753.30,880000.00
2021-09-30,2622207.82,880000.00
2021-10-01,2618083.94,890000.00
2021-10-04,2605960.63,890000.00
2021-10-05,2688264.51,890000.00
2021-10-06,2692081.06,890000.00
2021-10-07,2715410.66,890000.00
2021-10-08,2741423.52,890000.00
2021-10-11,2776287.15,890000.00
2021-10-12,2752699.39,890000.00
2021-10-13,2754705.87,890000.00
2021-10-14,2756652.46,890000.00
2021-10-15,2745117.20,890000.00
2021-10-18,2743794.75,890000.00
2021-10-19,2793199.00,890000.00
2021-10-20,2770307.33,890000.00
2021-10-21,2739098.51,890000.00
2021-10-22,2716076.98,890000.00
2021-10-25,2737596.32,890000.00
2021-10-26,2731991.75,890000.00
2021-10-27,2724504.41,890000.00
2021-10-28,2686901.08,890000.00
2021-10-29,2652195.44,890000.00
2021-11-01,2720457.81,900000.00
2021-11-02,2701525.65,900000.00
2021-11-03,2695057.15,900000.00
2021-11-05,2656694.42,900000.00
2021-11-08,2684129.84,900000.00
2021-11-09,2683658.58,900000.00
2021-11-10,2638699.44,900000.00
2021-11-11,2777390.33,900000.00
2021-11-12,2859578.51,900000.00
2021-11-15,2804132.03,900000.00
2021-11-16,2817482.96,900000.00
2021-11-17,2799643.65,900000.00
2021-11-18,2755193.69,900000.00
2021-11-19,2724456.29,900000.00
2021-11-22,2651455.92,900000.00
2021-11-23,2697637.03,900000.00
2021-11-24,2695989.45,900000.00
2021-11-25,2675761.63,900000.00
2021-11-26,2581486.52,900000.00
2021-11-29,2624003.03,900000.00
2021-11-30,2564357.03,900000.00
2021-12-01,2612108.62,910000.00
2021-12-02,2661885.06,910000.00
2021-12-03,2626430.23,910000.00
2021-12-06,2601048.07,910000.00
2021-12-07,2637047.83,910000.00
2021-12-08,2590033.53,910000.00
2021-12-09,2603560.50,910000.00
2021-12-10,2586342.83,910000.00
2021-12-13,2455994.01,910000.00
2021-12-14,2461353.58,910000.00
2021-12-15,2533487.10,910000.00
2021-12-16,2560015.97,910000.00
2021-12-17,2562514.82,910000.00
2021-12-20,2540260.82,910000.00
2021-12-21,2559738.02,910000.00
2021-12-22,2572851.59,910000.00
2021-12-23,2568158.31,910000.00
2021-12-24,2571456.24,910000.00
2021-12-27,2599087.51,910000.00
2021-12-28,2606252.54,910000.00
2021-12-29,2601825.58,910000.00
2021-12-30,2627434.20,910000.00
2022-01-03,2677259.92,920000.00
2022-01-04,2684703.11,920000.00
2022-01-05,2604844.75,920000.00
2022-01-06,2631287.83,920000.00
2022-01-10,2623009.23,920000.00
2022-01-11,2648679.85,920000.00
2022-01-12,2664230.06,920000.00
2022-01-13,2684727.89,920000.00
2022-01-14,2649084.67,920000.00
2022-01-17,2603043.23,920000.00
2022-01-18,2474981.51,920000.00
2022-01-19,2530759.04,920000.00
2022-01-20,2556423.35,920000.00
2022-01-21,2521009.92,920000.00
2022-01-24,2433885.06,920000.00
2022-01-25,2454957.47,920000.00
2022-01-26,2448982.98,920000.00
2022-01-27,2527834.14,920000.00
2022-01-28,2547407.88,920000.00
2022-01-31,2596405.70,920000.00
2022-02-01,2597627.02,930000.00
2022-02-02,2589141.25,930000.00
2022-02-03,2547371.81,930000.00
2022-02-04,2575628.77,930000.00
2022-02-07,2581102.66,930000.00
2022-02-08,2661698.45,930000.00
2022-02-09,2705781.14,930000.00
2022-02-10,2685455.07,930000.00
2022-02-11,2589526.41,930000.00
2022-02-14,2597956.58,930000.00
2022-02-15,2676882.47,930000.00
2022-02-16,2685405.77,930000.00
2022-02-17,2597824.84,930000.00
2022-02-18,2550603.00,930000.00
2022-02-21,2219101.16,930000.00
2022-02-22,2361986.74,930000.00
2022-02-24,1784737.78,930000.00
2022-02-25,1866018.47,930000.00
2022-03-24,1998173.28,940000.00
2022-03-25,1942688.43,940000.00
2022-03-28,1856837.95,940000.00
2022-03-29,1839246.55,940000.00
2022-03-30,1896302.27,940000.00
2022-03-31,1977676.66,940000.00
2022-04-01,2081271.37,950000.00
2022-04-04,2128085.12,950000.00
2022-04-05,2012691.77,950000.00
2022-04-06,1971945.18,950000.00
2022-04-07,1978343.51,950000.00
2022-04-08,1960714.09,950000.00
2022-04-11,1930418.79,950000.00
2022-04-12,1922269.63,950000.00
2022-04-13,1923594.03,950000.00
2022-04-14,1853488.89,950000.00
2022-04-15,1853396.86,950000.00
2022-04-18,1813142.31,950000.00
2022-04-19,1787745.43,950000.00
2022-04-20,1834478.45,950000.00
2022-04-21,1824722.24,950000.00
2022-04-22,1804806.12,950000.00
2022-04-25,1775624.25,950000.00
2022-04-26,1851825.51,950000.00
2022-04-27,1905484.29,950000.00
2022-04-28,1862261.09,950000.00
2022-04-29,1904800.50,950000.00
2022-05-04,1870868.74,960000.00
2022-05-05,1887783.16,960000.00
2022-05-06,1898798.80,960000.00
2022-05-11,1893413.42,960000.00
2022-05-12,1840362.96,960000.00
2022-05-13,1822766.36,960000.00
2022-05-16,1869250.15,960000.00
2022-05-17,1920793.61,960000.00
2022-05-18,1918660.08,960000.00
2022-05-19,1945432.42,960000.00
2022-05-20,1891010.33,960000.00
2022-05-23,1825163.74,960000.00
2022-05-24,1826924.68,960000.00
2022-05-25,1860652.10,960000.00
2022-05-26,1874706.98,960000.00
2022-05-27,1864232.07,960000.00
2022-05-30,1852206.68,960000.00
2022-05-31,1822315.83,960000.00
2022-06-01,1842608.53,970000.00
2022-06-02,1776654.89,970000.00
2022-06-03,1732385.20,970000.00
2022-06-06,1732576.60,970000.00
2022-06-07,1731397.18,970000.00
2022-06-08,1741881.24,970000.00
2022-06-09,1729584.72,970000.00
2022-06-10,1719107.31,970000.00
2022-06-14,1704102.26,970000.00
2022-06-15,1714640.59,970000.00
2022-06-16,1757490.16,970000.00
2022-06-17,1744981.31,970000.00
2022-06-20,1779397.80,970000.00
2022-06-21,1755539.73,970000.00
2022-06-22,1760288.91,970000.00
2022-06-23,1784575.43,970000.00
2022-06-24,1790550.37,970000.00
2022-06-27,1803500.84,970000.00
2022-06-28,1852003.71,970000.00
2022-06-29,1799303.79,970000.00
2022-06-30,1757857.71,970000.00
2022-07-01,1802106.97,980000.00
2022-07-04,1815031.46,980000.00
2022-07-05,1831689.65,980000.00
2022-07-06,1819687.08,980000.00
2022-07-07,1812501.32,980000.00
2022-07-08,1811241.94,980000.00
2022-07-11,1768863.58,980000.00
2022-07-12,1744364.10,980000.00
2022-07-13,1697668.44,980000.00
2022-07-14,1677286.69,980000.00
2022-07-15,1700670.96,980000.00
2022-07-18,1673200.20,980000.00
2022-07-19,1600421.20,980000.00
2022-07-20,1611028.35,980000.00
2022-07-21,1615539.47,980000.00
2022-07-22,1634710.31,980000.00
2022-07-25,1656785.17,980000.00
2022-07-26,1683636.49,980000.00
2022-07-27,1673026.57,980000.00
2022-07-28,1653910.38,980000.00
2022-07-29,1712981.70,980000.00
2022-08-01,1686004.99,990000.00
2022-08-02,1657793.63,990000.00
2022-08-03,1628383.15,990000.00
2022-08-04,1627579.65,990000.00
2022-08-05,1598137.18,990000.00
2022-08-08,1948502.24,990000.00
2022-08-09,1991908.36,990000.00
2022-08-10,1994814.73,990000.00
2022-08-11,1986701.67,990000.00
2022-08-12,1983463.12,990000.00
2022-08-15,1995619.62,990000.00
2022-08-16,2008251.42,990000.00
2022-08-17,1989297.40,990000.00
2022-08-18,1985116.89,990000.00
2022-08-19,1979731.08,990000.00
2022-08-22,1993510.59,990000.00
2022-08-23,2009326.45,990000.00
2022-08-24,1981783.78,990000.00
2022-08-25,1964949.25,990000.00
2022-08-26,1986078.75,990000.00
2022-08-29,2006046.52,990000.00
2022-08-30,2004971.96,990000.00
2022-08-31,2041782.08,990000.00
2022-09-01,2062734.12,1000000.00
2022-09-02,2152749.68,1000000.00
2022-09-05,2160443.75,1000000.00
2022-09-06,2105028.11,1000000.00
2022-09-07,2075157.83,1000000.00
2022-09-08,2068869.17,1000000.00
2022-09-09,2108843.46,1000000.00
2022-09-12,2116683.60,1000000.00
2022-09-13,2087682.11,1000000.00
2022-09-14,2085721.43,1000000.00
2022-09-15,2098989.60,1000000.00
2022-09-16,2086924.85,1000000.00
2022-09-19,2080013.22,1000000.00
2022-09-20,1926311.70,1000000.00
2022-09-21,1833272.30,1000000.00
2022-09-22,1869094.54,1000000.00
2022-09-23,1785210.64,1000000.00
2022-09-26,1540004.53,1000000.00
2022-09-27,1603937.36,1000000.00
2022-09-28,1595178.57,1000000.00
2022-09-29,1546053.08,1000000.00
2022-09-30,1581002.14,1000000.00
2022-10-03,1664371.92,1010000.00
2022-10-04,1634164.18,1010000.00
2022-10-05,1622541.63,1010000.00
2022-10-06,1602434.91,1010000.00
2022-10-07,1526783.86,1010000.00
2022-10-10,1588337.40,1010000.00
2022-10-11,1617254.81,1010000.00
2022-10-12,1602685.20,1010000.00
2022-10-13,1606835.00,1010000.00
2022-10-14,1620414.54,1010000.00
2022-10-17,1692912.13,1010000.00
2022-10-18,1663135.78,1010000.00
2022-10-19,1666479.45,1010000.00
2022-10-20,1702091.32,1010000.00
2022-10-21,1742670.64,1010000.00
2022-10-24,1739966.91,1010000.00
2022-10-25,1809420.05,1010000.00
2022-10-26,1826221.33,1010000.00
2022-10-27,1861838.31,1010000.00
2022-10-28,1889409.15,1010000.00
2022-10-31,1881735.33,1010000.00
2022-11-01,1905980.20,1020000.00
2022-11-02,1863644.77,1020000.00
2022-11-03,1869841.41,1020000.00
2022-11-07,1944176.70,1020000.00
2022-11-08,1928862.65,1020000.00
2022-11-09,1871161.01,1020000.00
2022-11-10,1927338.39,1020000.00
2022-11-11,1945795.93,1020000.00
2022-11-14,1971174.37,1020000.00
2022-11-15,1912519.62,1020000.00
2022-11-16,1952223.47,1020000.00
2022-11-17,1937371.58,1020000.00
2022-11-18,1940659.66,1020000.00
2022-11-21,1903768.42,1020000.00
2022-11-22,1919763.66,1020000.00
2022-11-23,1924130.90,1020000.00
2022-11-24,1935880.00,1020000.00
2022-11-25,1924411.29,1020000.00
2022-11-28,1917057.41,1020000.00
2022-11-29,1921673.00,1020000.00
2022-11-30,1918130.56,1020000.00
2022-12-01,1932318.84,1030000.00
2022-12-02,1966670.03,1030000.00
2022-12-05,1982680.14,1030000.00
2022-12-06,1970229.45,1030000.00
2022-12-07,1984691.34,1030000.00
2022-12-08,1982123.91,1030000.00
2022-12-09,1976456.57,1030000.00
2022-12-12,1976126.44,1030000.00
2022-12-13,1987226.30,1030000.00
2022-12-14,1972435.20,1030000.00
2022-12-15,1940536.31,1030000.00
2022-12-16,1959321.54,1030000.00
2022-12-19,1962310.28,1030000.00
2022-12-20,2003085.76,1030000.00
2022-12-21,2003073.67,1030000.00
2022-12-22,2006817.57,1030000.00
2022-12-23,2000744.00,1030000.00
2022-12-26,2018945.80,1030000.00
2022-12-27,2034313.46,1030000.00
2022-12-28,2013849.47,1030000.00
2022-12-29,2028836.21,1030000.00
2022-12-30,2032201.62,1030000.00
2023-01-03,2051318.06,1040000.00
2023-01-04,2043753.75,1040000.00
2023-01-05,2033336.45,1040000.00
2023-01-06,2035588.77,1040000.00
2023-01-09,2030347.11,1040000.00
2023-01-10,2020606.92,1040000.00
2023-01-11,2065650.49,1040000.00
2023-01-12,2242297.83,1040000.00
2023-01-13,2258358.80,1040000.00
2023-01-16,2309318.19,1040000.00
2023-01-17,2272616.95,1040000.00
2023-01-18,2285899.08,1040000.00
2023-01-19,2256696.08,1040000.00
2023-01-20,2259590.40,1040000.00
2023-01-23,2275245.89,1040000.00
2023-01-24,2253965.46,1040000.00
2023-01-25,2257633.98,1040000.00
2023-01-26,2257970.52,1040000.00
2023-01-27,2329450.47,1040000.00
2023-01-30,2337298.49,1040000.00
2023-01-31,2361556.06,1040000.00
2023-02-01,2390987.42,1050000.00
2023-02-02,2412413.29,1050000.00
2023-02-03,2419443.65,1050000.00
2023-02-06,2451645.28,1050000.00
2023-02-07,2434327.95,1050000.00
2023-02-08,2399629.08,1050000.00
2023-02-09,2424045.89,1050000.00
2023-02-10,2426431.80,1050000.00
2023-02-13,2423417.65,1050000.00
2023-02-14,2385714.00,1050000.00
2023-02-15,2307964.89,1050000.00
2023-02-16,2318748.27,1050000.00
2023-02-17,2324293.23,1050000.00
2023-02-20,2347550.41,1050000.00
2023-02-21,2389024.98,1050000.00
2023-02-22,2380609.30,1050000.00
2023-02-24,2386077.59,1050000.00
2023-02-27,2435827.71,1050000.00
2023-02-28,2441871.08,1050000.00
2023-03-01,2469353.46,1060000.00
2023-03-02,2428487.38,1060000.00
2023-03-03,2454393.31,1060000.00
2023-03-06,2457510.83,1060000.00
2023-03-07,2463533.95,1060000.00
2023-03-09,2451616.54,1060000.00
2023-03-10,2446397.37,1060000.00
2023-03-13,2436680.75,1060000.00
2023-03-14,2446640.58,1060000.00
2023-03-15,2432043.09,1060000.00
2023-03-16,2444387.45,1060000.00
2023-03-17,2523214.68,1060000.00
2023-03-20,2613370.97,1060000.00
2023-03-21,2586179.10,1060000.00
2023-03-22,2590534.85,1060000.00
2023-03-23,2594693.27,1060000.00
2023-03-24,2603095.19,1060000.00
2023-03-27,2685844.28,1060000.00
2023-03-28,2685571.04,1060000.00
2023-03-29,2716139.24,1060000.00
2023-03-30,2719990.61,1060000.00
2023-03-31,2695502.93,1060000.00
2023-04-03,2727763.66,1070000.00
2023-04-04,2774913.76,1070000.00
2023-04-05,2791751.37,1070000.00
2023-04-06,2790921.39,1070000.00
2023-04-07,2794165.65,1070000.00
2023-04-10,2819416.07,1070000.00
2023-04-11,2775878.65,1070000.00
2023-04-12,2785623.26,1070000.00
2023-04-13,2779602.04,1070000.00
2023-04-14,2797132.83,1070000.00
2023-04-17,2843783.18,1070000.00
2023-04-18,2864527.52,1070000.00
2023-04-19,2852991.17,1070000.00
2023-04-20,2881518.25,1070000.00
2023-04-21,2922891.78,1070000.00
2023-04-24,2919804.25,1070000.00
2023-04-25,2877895.55,1070000.00
2023-04-26,2850042.62,1070000.00
2023-04-27,2883820.75,1070000.00
2023-04-28,2849130.10,1070000.00
2023-05-02,2814135.13,1080000.00
2023-05-03,2751140.58,1080000.00
2023-05-04,2763107.08,1080000.00
2023-05-05,2743670.26,1080000.00
2023-05-08,2739552.42,1080000.00
2023-05-10,2758451.81,1080000.00
2023-05-11,2770847.68,1080000.00
2023-05-12,2777627.80,1080000.00
2023-05-15,2864883.48,1080000.00
2023-05-16,2859816.75,1080000.00
2023-05-17,2861665.71,1080000.00
2023-05-18,2754153.31,1080000.00
2023-05-19,2732641.67,1080000.00
2023-05-22,2726261.76,1080000.00
2023-05-23,2753862.49,1080000.00
2023-05-24,2776254.65,1080000.00
2023-05-25,2761697.55,1080000.00
2023-05-26,2796319.42,1080000.00
2023-05-29,2836296.48,1080000.00
2023-05-30,2788370.18,1080000.00
2023-05-31,2804331.07,1080000.00
2023-06-01,2811957.22,1090000.00
2023-06-02,2847838.29,1090000.00
2023-06-05,2813588.87,1090000.00
2023-06-06,2842936.39,1090000.00
2023-06-07,2838290.81,1090000.00
2023-06-08,2875236.81,1090000.00
2023-06-09,2899824.22,1090000.00
2023-06-13,2960944.86,1090000.00
2023-06-14,2966455.08,1090000.00
2023-06-15,3001419.15,1090000.00
2023-06-16,2991718.66,1090000.00
2023-06-19,3042403.44,1090000.00
2023-06-20,3050439.13,1090000.00
2023-06-21,3084597.61,1090000.00
2023-06-22,3059490.57,1090000.00
2023-06-23,3000779.83,1090000.00
2023-06-26,3055394.69,1090000.00
2023-06-27,3113248.31,1090000.00
2023-06-28,3124019.16,1090000.00
2023-06-29,3159673.19,1090000.00
2023-06-30,3161954.05,1090000.00
2023-07-03,3173821.11,1100000.00
2023-07-04,3156575.33,1100000.00
2023-07-05,3195415.99,1100000.00
2023-07-06,3190862.21,1100000.00
2023-07-07,3195848.84,1100000.00
2023-07-10,3231416.47,1100000.00
2023-07-11,3232798.51,1100000.00
2023-07-12,3281952.68,1100000.00
2023-07-13,3271402.94,1100000.00
2023-07-14,3290613.38,1100000.00
2023-07-17,3301980.15,1100000.00
2023-07-18,3361334.98,1100000.00
2023-07-19,3333501.04,1100000.00
2023-07-20,3256042.27,1100000.00
2023-07-21,3301162.44,1100000.00
2023-07-24,3314399.99,1100000.00
2023-07-25,3337936.01,1100000.00
2023-07-26,3359666.24,1100000.00
2023-07-27,3391403.68,1100000.00
2023-07-28,3415235.33,1100000.00
2023-07-31,3531786.52,1100000.00
2023-08-01,3591167.71,1110000.00
2023-08-02,3604223.53,1110000.00
2023-08-03,3649553.70,1110000.00
2023-08-04,3580266.36,1110000.00
2023-08-07,3535561.46,1110000.00
2023-08-08,3567036.28,1110000.00
2023-08-09,3573354.21,1110000.00
2023-08-10,3619589.81,1110000.00
2023-08-11,3652116.27,1110000.00
2023-08-14,3544308.29,1110000.00
2023-08-15,3543714.12,1110000.00
2023-08-16,3471751.28,1110000.00
2023-08-17,3503710.83,1110000.00
2023-08-18,3549045.72,1110000.00
2023-08-21,3541178.13,1110000.00
2023-08-22,3561085.59,1110000.00
2023-08-23,3490466.08,1110000.00
2023-08-24,3547565.91,1110000.00
2023-08-25,3559601.92,1110000.00
2023-08-28,3634895.99,1110000.00
2023-08-29,3630170.98,1110000.00
2023-08-30,3644606.17,1110000.00
2023-08-31,3660456.83,1110000.00
2023-09-01,3673375.40,1120000.00
2023-09-04,3719717.05,1120000.00
2023-09-05,3706154.10,1120000.00
2023-09-06,3665508.50,1120000.00
2023-09-07,3581968.65,1120000.00
2023-09-08,3529522.45,1120000.00
2023-09-11,3484622.42,1120000.00
2023-09-12,3584263.20,1120000.00
2023-09-13,3534532.19,1120000.00
2023-09-14,3522725.72,1120000.00
2023-09-15,3572437.66,1120000.00
2023-09-18,3540294.28,1120000.00
2023-09-19,3472009.79,1120000.00
2023-09-20,3474925.90,1120000.00
2023-09-21,3415496.27,1120000.00
2023-09-22,3480281.26,1120000.00
2023-09-25,3488340.22,1120000.00
2023-09-26,3528605.98,1120000.00
2023-09-27,3559778.78,1120000.00
2023-09-28,3641066.83,1120000.00
2023-09-29,3771442.38,1120000.00
2023-10-02,3793206.54,1130000.00
2023-10-03,3792365.28,1130000.00
2023-10-04,3757609.22,1130000.00
2023-10-05,3810471.09,1130000.00
2023-10-06,3816836.57,1130000.00
2023-10-09,3799908.87,1130000.00
2023-10-10,3794537.61,1130000.00
2023-10-11,3689103.01,1130000.00
2023-10-12,3728485.45,1130000.00
2023-10-13,3724135.10,1130000.00
2023-10-16,3790967.68,1130000.00
2023-10-17,3823020.28,1130000.00
2023-10-18,3823385.25,1130000.00
2023-10-19,3819722.40,1130000.00
2023-10-20,3813646.87,1130000.00
2023-10-23,3775936.72,1130000.00
2023-10-24,3852929.94,1130000.00
2023-10-25,3872852.28,1130000.00
2023-10-26,3813158.54,1130000.00
2023-10-27,3839071.35,1130000.00
2023-10-30,3863036.32,1130000.00
2023-10-31,3833076.78,1130000.00
2023-11-01,3837213.30,1140000.00
2023-11-02,3824679.43,1140000.00
2023-11-03,3834555.44,1140000.00
2023-11-06,3901555.33,1140000.00
2023-11-07,3889337.74,1140000.00
2023-11-08,3908095.25,1140000.00
2023-11-09,3926824.27,1140000.00
2023-11-10,3928266.28,1140000.00
2023-11-13,3923936.55,1140000.00
2023-11-14,3860660.22,1140000.00
2023-11-15,3895633.35,1140000.00
2023-11-16,3839472.48,1140000.00
2023-11-17,3911499.28,1140000.00
2023-11-20,3887926.79,1140000.00
2023-11-21,3905147.06,1140000.00
2023-11-22,3917995.45,1140000.00
2023-11-23,3898339.17,1140000.00
2023-11-24,3894452.31,1140000.00
2023-11-27,3851085.15,1140000.00
2023-11-28,3881128.52,1140000.00
2023-11-29,3852928.96,1140000.00
2023-11-30,3817209.67,1140000.00
2023-12-01,3778728.14,1150000.00
2023-12-04,3743071.16,1150000.00
2023-12-05,3789531.74,1150000.00
2023-12-06,3654744.36,1150000.00
2023-12-07,3646237.76,1150000.00
2023-12-08,3643708.25,1150000.00
2023-12-11,3537373.34,1150000.00
2023-12-12,3541825.82,1150000.00
2023-12-13,3580685.08,1150000.00
2023-12-14,3513712.01,1150000.00
2023-12-15,3660334.71,1150000.00
2023-12-18,3691917.56,1150000.00
2023-12-19,3701336.42,1150000.00
2023-12-20,3734440.66,1150000.00
2023-12-21,3703418.68,1150000.00
2023-12-22,3722372.17,1150000.00
2023-12-25,3742452.14,1150000.00
2023-12-26,3725416.49,1150000.00
2023-12-27,3700447.02,1150000.00
2023-12-28,3690755.00,1150000.00
2023-12-29,3691031.14,1150000.00
2024-01-03,3753020.65,1160000.00
2024-01-04,3754895.37,1160000.00
2024-01-05,3758680.29,1160000.00
2024-01-08,3812547.06,1160000.00
2024-01-09,3776327.17,1160000.00
2024-01-10,3778072.04,1160000.00
2024-01-11,3850158.03,1160000.00
2024-01-12,3869749.86,1160000.00
2024-01-15,4078815.05,1160000.00
2024-01-16,4096264.85,1160000.00
2024-01-17,4115302.52,1160000.00
2024-01-18,4072422.40,1160000.00
2024-01-19,4085305.09,1160000.00
2024-01-22,4105353.29,1160000.00
2024-01-23,4110222.04,1160000.00
2024-01-24,4097831.88,1160000.00
2024-01-25,4114480.19,1160000.00
2024-01-26,4106862.64,1160000.00
2024-01-29,4119526.85,1160000.00
2024-01-30,4151417.51,1160000.00
2024-01-31,4147734.10,1160000.00
2024-02-01,4221279.29,1170000.00
2024-02-02,4184455.80,1170000.00
2024-02-05,4176773.37,1170000.00
2024-02-06,4183180.70,1170000.00
2024-02-07,4192555.72,1170000.00
2024-02-08,4142082.46,1170000.00
2024-02-09,4172488.94,1170000.00
2024-02-12,4191786.06,1170000.00
2024-02-13,4226345.10,1170000.00
2024-02-14,4219773.80,1170000.00
2024-02-15,4276903.14,1170000.00
2024-02-16,4250921.86,1170000.00
2024-02-19,4267009.78,1170000.00
2024-02-20,4144947.06,1170000.00
2024-02-21,4139085.45,1170000.00
2024-02-22,4158703.54,1170000.00
2024-02-26,4252514.94,1170000.00
2024-02-27,4285150.83,1170000.00
2024-02-28,4274419.10,1170000.00
2024-02-29,4287951.26,1170000.00
2024-03-01,4315026.46,1180000.00
2024-03-04,4354596.60,1180000.00
2024-03-05,4346673.62,1180000.00
2024-03-06,4345461.33,1180000.00
2024-03-07,4373952.64,1180000.00
2024-03-11,4360247.22,1180000.00
2024-03-12,4378787.48,1180000.00
2024-03-13,4349009.47,1180000.00
2024-03-14,4325914.57,1180000.00
2024-03-15,4344737.59,1180000.00
2024-03-18,4371660.49,1180000.00
2024-03-19,4312727.61,1180000.00
2024-03-20,4337912.42,1180000.00
2024-03-21,4371817.42,1180000.00
2024-03-22,4343948.60,1180000.00
2024-03-25,4430807.48,1180000.00
2024-03-26,4465098.80,1180000.00
2024-03-27,4505360.35,1180000.00
2024-03-28,4503148.72,1180000.00
2024-03-29,4570339.98,1180000.00
2024-04-01,4607871.88,1190000.00
2024-04-08,4283375.26,1190000.00
2024-04-09,4253001.69,1190000.00
2024-04-10,4279768.14,1190000.00
2024-04-11,4260557.43,1190000.00
2024-04-12,4265300.84,1190000.00
2024-04-15,4323838.30,1190000.00
2024-04-16,4320726.92,1190000.00
2024-04-17,4300069.12,1190000.00
2024-04-18,4342061.72,1190000.00
2024-04-19,4375984.31,1190000.00
2024-04-22,4426729.26,1190000.00
2024-04-23,4319316.12,1190000.00
2024-04-24,4307332.64,1190000.00
2024-04-25,4323977.34,1190000.00
2024-04-26,4318673.14,1190000.00
2024-04-27,4370537.85,1190000.00
2024-04-29,4434348.21,1190000.00
2024-04-30,4408839.61,1190000.00
2024-05-02,4398408.00,1200000.00
2024-05-03,4420698.75,1200000.00
2024-05-06,4427431.41,1200000.00
2024-05-07,4471069.53,1200000.00
2024-05-08,4484425.15,1200000.00
2024-05-10,4540354.59,1200000.00
2024-05-13,4557096.69,1200000.00
2024-05-14,4539041.44,1200000.00
2024-05-15,4549468.61,1200000.00
2024-05-16,4568935.25,1200000.00
2024-05-17,4540966.46,1200000.00
2024-05-20,4512684.29,1200000.00
2024-05-21,4516234.47,1200000.00
2024-05-22,4545747.32,1200000.00
2024-05-23,4533086.34,1200000.00
2024-05-24,4473548.97,1200000.00
2024-05-27,4371231.09,1200000.00
2024-05-28,4347270.35,1200000.00
2024-05-29,4403763.85,1200000.00
2024-05-30,4298953.09,1200000.00
2024-05-31,4199247.63,1200000.00
2024-06-03,4230504.58,1210000.00
2024-06-04,4281129.31,1210000.00
2024-06-05,4254159.64,1210000.00
2024-06-06,4253315.37,1210000.00
2024-06-07,4323888.47,1210000.00
2024-06-10,4280176.38,1210000.00
2024-06-11,4257135.77,1210000.00
2024-06-13,4252519.52,1210000.00
2024-06-14,4267644.13,1210000.00
2024-06-17,4268645.45,1210000.00
2024-06-18,4036508.79,1210000.00
2024-06-19,3893336.03,1210000.00
2024-06-20,4028825.98,1210000.00
2024-06-21,3997044.82,1210000.00
2024-06-24,3978707.92,1210000.00
2024-06-25,4032188.17,1210000.00
2024-06-26,4041267.19,1210000.00
2024-06-27,4069669.50,1210000.00
2024-06-28,4131332.11,1210000.00
2024-07-01,4192200.49,1220000.00
2024-07-02,4200745.55,1220000.00
2024-07-03,4167575.77,1220000.00
2024-07-04,4078084.66,1220000.00
2024-07-05,4094615.57,1220000.00
2024-07-08,4045165.76,1220000.00
2024-07-09,3933924.00,1220000.00
2024-07-10,3841779.50,1220000.00
2024-07-11,3904630.30,1220000.00
2024-07-12,3870743.64,1220000.00
2024-07-15,3770483.89,1220000.00
2024-07-16,3791416.09,1220000.00
2024-07-17,3731905.75,1220000.00
2024-07-18,3560920.04,1220000.00
2024-07-19,3617189.49,1220000.00
2024-07-22,3620123.51,1220000.00
2024-07-23,3609491.03,1220000.00
2024-07-24,3641229.90,1220000.00
2024-07-25,3646137.48,1220000.00
2024-07-26,3596505.75,1220000.00
2024-07-29,3492022.84,1220000.00
2024-07-30,3540284.16,1220000.00
2024-07-31,3539781.33,1220000.00
2024-08-01,3519268.61,1230000.00
2024-08-02,3459822.94,1230000.00
2024-08-05,3376522.80,1230000.00
2024-08-06,4019855.64,1230000.00
2024-08-07,4045106.09,1230000.00
2024-08-08,4007301.08,1230000.00
2024-08-09,4008909.50,1230000.00
2024-08-12,4039631.89,1230000.00
2024-08-13,4155194.71,1230000.00
2024-08-14,4083456.06,1230000.00
2024-08-15,4059978.38,1230000.00
2024-08-16,4021653.92,1230000.00
2024-08-19,3970655.19,1230000.00
2024-08-20,3993239.57,1230000.00
2024-08-21,4002312.96,1230000.00
2024-08-22,3893503.00,1230000.00
2024-08-23,3852418.93,1230000.00
2024-08-26,3957506.66,1230000.00
2024-08-27,3860169.20,1230000.00
2024-08-28,3867893.72,1230000.00
2024-08-29,3853485.03,1230000.00
2024-08-30,3743965.78,1230000.00
2024-09-02,3581969.61,1240000.00
2024-09-03,3562380.19,1240000.00
2024-09-04,3758723.66,1240000.00
2024-09-05,3715440.06,1240000.00
2024-09-06,3753648.43,1240000.00
2024-09-09,3897771.90,1240000.00
2024-09-10,3809778.91,1240000.00
2024-09-11,3775274.03,1240000.00
2024-09-12,3791810.24,1240000.00
2024-09-13,3933069.58,1240000.00
2024-09-16,4009394.70,1240000.00
2024-09-17,4037133.37,1240000.00
2024-09-18,3998040.38,1240000.00
2024-09-19,4032906.04,1240000.00
2024-09-20,4102066.65,1240000.00
2024-09-23,4117186.45,1240000.00
2024-09-24,4100783.99,1240000.00
2024-09-25,4030484.97,1240000.00
2024-09-26,4046555.68,1240000.00
2024-09-27,4085090.05,1240000.00
2024-09-30,4047416.96,1240000.00
2024-10-01,4082128.27,1250000.00
2024-10-02,4032610.10,1250000.00
2024-10-03,4070843.80,1250000.00
2024-10-04,4045723.95,1250000.00
2024-10-07,4079187.76,1250000.00
2024-10-08,4074881.95,1250000.00
2024-10-09,4063416.25,1250000.00
2024-10-10,4077857.32,1250000.00
2024-10-11,4039377.40,1250000.00
2024-10-14,4079090.62,1250000.00
2024-10-15,4136707.17,1250000.00
2024-10-16,4112436.74,1250000.00
2024-10-17,4035843.82,1250000.00
2024-10-18,4025956.77,1250000.00
2024-10-21,4014864.12,1250000.00
2024-10-22,3970126.66,1250000.00
2024-10-23,3929340.27,1250000.00
2024-10-24,3922077.47,1250000.00
2024-10-25,3865226.13,1250000.00
2024-10-28,3771462.91,1250000.00
2024-10-29,3820523.00,1250000.00
2024-10-30,3781781.33,1250000.00
2024-10-31,3758416.14,1250000.00
2024-11-01,3805879.44,1260000.00
2024-11-02,3837420.20,1260000.00
2024-11-05,3874987.90,1260000.00
2024-11-06,3937808.69,1260000.00
2024-11-07,4002833.53,1260000.00
2024-11-08,4073155.60,1260000.00
2024-11-11,4106263.41,1260000.00
2024-11-12,4039806.12,1260000.00
2024-11-13,4029039.36,1260000.00
2024-11-14,4041370.64,1260000.00
2024-11-15,4094214.69,1260000.00
2024-11-18,4043567.05,1260000.00
2024-11-19,3982802.68,1260000.00
2024-11-20,3909690.29,1260000.00
2024-11-21,3943381.90,1260000.00
2024-11-22,3910692.58,1260000.00
2024-11-25,3853639.06,1260000.00
2024-11-26,3790571.99,1260000.00
2024-11-27,3887660.10,1260000.00
2024-11-28,3885546.14,1260000.00
2024-11-29,3897605.18,1260000.00
2024-12-02,3951114.64,1270000.00
2024-12-03,3846148.84,1270000.00
2024-12-04,3757986.48,1270000.00
2024-12-05,3815063.30,1270000.00
2024-12-06,3806184.90,1270000.00
2024-12-09,3870074.20,1270000.00
2024-12-10,3790794.79,1270000.00
2024-12-11,3832632.10,1270000.00
2024-12-12,3767355.03,1270000.00
2024-12-13,3765928.46,1270000.00
2024-12-16,3691586.18,1270000.00
2024-12-17,3669281.98,1270000.00
2024-12-18,3726691.19,1270000.00
2024-12-19,3724594.32,1270000.00
2024-12-20,4027990.13,1270000.00
2024-12-23,4042808.88,1270000.00
2024-12-24,3995198.30,1270000.00
2024-12-25,4065098.22,1270000.00
2024-12-26,4093831.03,1270000.00
2024-12-27,4122300.46,1270000.00
2024-12-28,4162066.02,1270000.00
2024-12-30,4316467.45,1270000.00
2025-01-03,4257963.31,1280000.00
2025-01-06,4258422.85,1280000.00
2025-01-08,4262235.22,1280000.00
2025-01-09,4134932.77,1280000.00
2025-01-10,4159072.07,1280000.00
2025-01-13,4165468.50,1280000.00
2025-01-14,4177032.87,1280000.00
2025-01-15,4216824.08,1280000.00
2025-01-16,4812196.27,1280000.00
2025-01-17,4863204.01,1280000.00
2025-01-20,4851172.94,1280000.00
2025-01-21,4917665.60,1280000.00
2025-01-22,4950326.02,1280000.00
2025-01-23,4968418.26,1280000.00
2025-01-24,4958504.63,1280000.00
2025-01-27,4839323.69,1280000.00
2025-01-28,4943530.15,1280000.00
2025-01-29,4918909.16,1280000.00
2025-01-30,4968569.70,1280000.00
2025-01-31,4896621.71,1280000.00
2025-02-03,4877411.05,1290000.00
2025-02-04,4850268.57,1290000.00
2025-02-05,4909007.26,1290000.00
2025-02-06,4938275.60,1290000.00
2025-02-07,4923239.38,1290000.00
2025-02-10,4944703.09,1290000.00
2025-02-11,5016693.81,1290000.00
2025-02-12,5193932.61,1290000.00
2025-02-13,5139924.25,1290000.00
2025-02-14,5097987.78,1290000.00
2025-02-17,5273944.04,1290000.00
2025-02-18,5158442.67,1290000.00
2025-02-19,5240933.77,1290000.00
2025-02-20,5252105.90,1290000.00
2025-02-21,5253723.45,1290000.00
2025-02-24,5327866.59,1290000.00
2025-02-25,5256133.18,1290000.00
2025-02-26,5139373.74,1290000.00
2025-02-27,5065574.51,1290000.00
2025-02-28,5131764.95,1290000.00
2025-03-03,5049489.71,1300000.00
2025-03-04,5154385.80,1300000.00
2025-03-05,5070026.04,1300000.00
2025-03-06,5071179.33,1300000.00
2025-03-07,5070816.85,1300000.00
2025-03-10,5054778.47,1300000.00
2025-03-11,5045983.10,1300000.00
2025-03-12,5003820.46,1300000.00
2025-03-13,4960403.13,1300000.00
2025-03-14,4963197.99,1300000.00
2025-03-17,5041761.09,1300000.00
2025-03-18,5002266.33,1300000.00
2025-03-19,5055872.71,1300000.00
2025-03-20,5021450.12,1300000.00
2025-03-21,5004470.36,1300000.00
2025-03-24,4990745.71,1300000.00
2025-03-25,5050537.26,1300000.00
2025-03-26,4935902.93,1300000.00
2025-03-27,4854479.76,1300000.00
2025-03-28,4777639.02,1300000.00
2025-03-31,4806983.63,1300000.00
2025-04-01,4686486.10,1310000.00
2025-04-02,4752551.92,1310000.00
2025-04-03,4651081.99,1310000.00
2025-04-04,4491629.84,1310000.00
2025-04-07,4418075.16,1310000.00
2025-04-08,4302936.47,1310000.00
2025-04-09,4499533.20,1310000.00
2025-04-10,4459497.48,1310000.00
2025-04-11,4556953.00,1310000.00
2025-04-14,4482113.76,1310000.00
2025-04-15,4506725.80,1310000.00
2025-04-16,4531089.80,1310000.00
2025-04-17,4581357.60,1310000.00
2025-04-18,4504831.75,1310000.00
2025-04-21,4612852.47,1310000.00
2025-04-22,4687838.00,1310000.00
2025-04-23,4651778.59,1310000.00
2025-04-24,4649524.99,1310000.00
2025-04-25,4726962.67,1310000.00
2025-04-28,4688886.85,1310000.00
2025-04-29,4596143.48,1310000.00
2025-04-30,4602842.77,1310000.00
2025-05-02,4495652.14,1320000.00
2025-05-05,4402295.80,1320000.00
2025-05-06,4457437.12,1320000.00
2025-05-07,4496795.50,1320000.00
2025-05-08,4506813.44,1320000.00
2025-05-12,4603936.89,1320000.00
2025-05-13,4600581.17,1320000.00
2025-05-14,4519683.78,1320000.00
2025-05-15,4534557.64,1320000.00
2025-05-16,4533867.70,1320000.00
2025-05-19,4538251.76,1320000.00
2025-05-20,4481112.94,1320000.00
2025-05-21,4435965.32,1320000.00
2025-05-22,4396520.79,1320000.00
2025-05-23,4369625.55,1320000.00
2025-05-26,4295781.39,1320000.00
2025-05-27,4307453.91,1320000.00
2025-05-28,4419697.21,1320000.00
2025-05-29,4393366.15,1320000.00
2025-05-30,4446643.26,1320000.00
2025-06-02,4470137.48,1330000.00
2025-06-03,4588906.75,1330000.00
2025-06-04,4563840.64,1330000.00
2025-06-05,4598291.02,1330000.00
2025-06-06,4486263.48,1330000.00
2025-06-09,4472759.30,1330000.00
2025-06-10,4414281.73,1330000.00
2025-06-11,4429433.64,1330000.00
2025-06-13,4466083.98,1330000.00
2025-06-16,4444852.43,1330000.00
2025-06-17,4522623.29,1330000.00
2025-06-18,4505810.05,1330000.00
2025-06-19,4487907.03,1330000.00
2025-06-20,4464851.89,1330000.00
2025-06-23,4452734.38,1330000.00
2025-06-24,4483969.81,1330000.00
2025-06-25,4518461.36,1330000.00
2025-06-26,4536690.00,1330000.00
2025-06-27,4588569.70,1330000.00
2025-06-30,4614547.31,1330000.00
2025-07-01,4645650.57,1340000.00
2025-07-02,4647881.70,1340000.00
2025-07-03,4625842.89,1340000.00
2025-07-04,4598408.29,1340000.00
2025-07-07,4518030.48,1340000.00
2025-07-08,4448958.36,1340000.00
2025-07-09,4460047.02,1340000.00
2025-07-10,4474892.75,1340000.00
2025-07-11,4398268.43,1340000.00
2025-07-14,4542333.27,1340000.00
2025-07-15,4582951.02,1340000.00
2025-07-16,4628657.50,1340000.00
2025-07-17,4400150.27,1340000.00
2025-07-18,4403127.02,1340000.00
2025-07-21,4421417.10,1340000.00
2025-07-22,4429807.74,1340000.00
2025-07-23,4412972.02,1340000.00
2025-07-24,4400272.28,1340000.00
2025-07-25,4337956.97,1340000.00
2025-07-28,4314463.44,1340000.00
2025-07-29,4336376.37,1340000.00
2025-07-30,4293022.22,1340000.00
2025-07-31,4319755.26,1340000.00
2025-08-01,4314544.07,1350000.00
2025-08-04,4353879.34,1350000.00
2025-08-05,4366173.30,1350000.00
2025-08-06,8204383.38,1350000.00
2025-08-07,8294798.63,1350000.00
2025-08-08,8445364.11,1350000.00
2025-08-11,8499202.80,1350000.00
2025-08-12,8488095.09,1350000.00
2025-08-13,8511226.57,1350000.00
2025-08-14,8611745.04,1350000.00
2025-08-15,8581111.13,1350000.00
2025-08-18,8558489.90,1350000.00
2025-08-19,8478472.31,1350000.00
2025-08-20,8364052.62,1350000.00
2025-08-21,8173415.56,1350000.00
2025-08-22,8230931.26,1350000.00
2025-08-25,8226156.21,1350000.00
2025-08-26,8219818.11,1350000.00
2025-08-27,8372755.88,1350000.00
2025-08-28,8229849.39,1350000.00
2025-08-29,8233885.61,1350000.00
2025-09-01,8177506.28,1360000.00
2025-09-02,8117059.07,1360000.00
2025-09-03,8181502.77,1360000.00
2025-09-04,8194672.72,1360000.00
2025-09-05,8246999.90,1360000.00
2025-09-08,8426859.68,1360000.00
2025-09-09,8510520.44,1360000.00
2025-09-10,8440678.85,1360000.00
2025-09-11,8402704.03,1360000.00
2025-09-12,8161092.51,1360000.00
2025-09-15,8114445.57,1360000.00
2025-09-16,8130413.94,1360000.00
2025-09-17,8235485.29,1360000.00
2025-09-18,8065432.06,1360000.00
2025-09-19,7855099.41,1360000.00
2025-09-22,7982883.53,1360000.00
2025-09-23,7802568.65,1360000.00
2025-09-24,7945604.38,1360000.00
2025-09-25,7810365.92,1360000.00
2025-09-26,7876359.59,1360000.00
2025-09-29,7884676.94,1360000.00
2025-09-30,7795115.82,1360000.00
2025-10-01,7666165.55,1370000.00
2025-10-02,7642174.42,1370000.00
2025-10-03,7605843.03,1370000.00
2025-10-06,7791105.91,1370000.00
2025-10-07,7860416.11,1370000.00
2025-10-08,7610374.46,1370000.00
2025-10-09,7867733.88,1370000.00
2025-10-10,7719051.65,1370000.00
2025-10-13,7799539.50,1370000.00
2025-10-14,7684892.51,1370000.00
2025-10-15,7617085.73,1370000.00
2025-10-16,8118814.58,1370000.00
2025-10-17,8060572.54,1370000.00
2025-10-20,8126784.67,1370000.00
2025-10-21,7885307.41,1370000.00
2025-10-22,7847249.31,1370000.00
2025-10-23,7835345.89,1370000.00
2025-10-24,7717887.97,1370000.00
2025-10-27,7416668.50,1370000.00
2025-10-28,7587385.03,1370000.00
2025-10-29,7664343.74,1370000.00
2025-10-30,7764956.44,1370000.00
2025-10-31,7630834.18,1370000.00
2025-11-01,7689992.52,1380000.00
2025-11-03,7780291.94,1380000.00
2025-11-05,7702566.92,1380000.00
2025-11-06,7682390.39,1380000.00
2025-11-07,7789012.01,1380000.00
2025-11-10,7800652.27,1380000.00
2025-11-11,7847172.10,1380000.00
2025-11-12,7777318.48,1380000.00
2025-11-13,7789917.04,1380000.00
2025-11-14,7716746.01,1380000.00
2025-11-17,7681052.09,1380000.00
2025-11-18,7881382.38,1380000.00
2025-11-19,8046206.78,1380000.00
2025-11-20,8222068.33,1380000.00
2025-11-21,8172082.89,1380000.00
2025-11-24,8037122.43,1380000.00
2025-11-25,8139085.25,1380000.00
2025-11-26,8084230.12,1380000.00
2025-11-27,7911630.66,1380000.00
2025-11-28,8058440.99,1380000.00
2025-12-01,8079276.19,1390000.00
2025-12-02,8060795.90,1390000.00
2025-12-03,8030933.64,1390000.00
2025-12-04,8002673.32,1390000.00
2025-12-05,8230039.56,1390000.00
2025-12-08,8172473.10,1390000.00
2025-12-09,8324742.05,1390000.00
2025-12-10,8341668.21,1390000.00
2025-12-11,8355962.21,1390000.00
2025-12-12,8293527.96,1390000.00
2025-12-15,8435821.86,1390000.00
2025-12-16,8525326.41,1390000.00
2025-12-17,8532241.77,1390000.00
2025-12-18,8567589.96,1390000.00
2025-12-19,8525068.86,1390000.00
2025-12-22,8500812.85,1390000.00
2025-12-23,8675174.75,1390000.00
2025-12-24,8623068.62,1390000.00
2025-12-25,8621484.28,1390000.00
2025-12-26,8794913.21,1390000.00
2025-12-29,8656287.60,1390000.00
2025-12-30,8712370.32,1390000.00
2026-01-05,8775387.13,1400000.00
2026-01-06,8833432.55,1400000.00
2026-01-08,8696413.82,1400000.00
2026-01-09,8698255.47,1400000.00
2026-01-12,8965837.91,1400000.00
2026-01-13,8925934.63,1400000.00
2026-01-14,8950756.01,1400000.00
2026-01-15,8942405.82,1400000.00
2026-01-16,8961968.38,1400000.00
2026-01-19,9041954.69,1400000.00
2026-01-20,9026941.52,1400000.00
2026-01-21,9154867.97,1400000.00
2026-01-22,9151846.45,1400000.00
2026-01-23,9265020.46,1400000.00
2026-01-26,9255878.13,1400000.00
2026-01-27,9284527.27,1400000.00
2026-01-28,9364235.94,1400000.00
2026-01-29,9480323.25,1400000.00
2026-01-30,9146879.19,1400000.00
2026-02-02,9192861.42,1410000.00
2026-02-03,9232246.85,1410000.00
2026-02-04,9108600.67,1410000.00
2026-02-05,8909566.65,1410000.00
2026-02-06,9022032.98,1410000.00
2026-02-09,8991491.07,1410000.00
2026-02-10,8931831.93,1410000.00
2026-02-11,9131575.12,1410000.00
2026-02-12,9049072.13,1410000.00
2026-02-13,8989441.75,1410000.00
2026-02-16,8996847.63,1410000.00
2026-02-17,8913677.90,1410000.00
2026-02-18,8962381.44,1410000.00
2026-02-19,8886887.53,1410000.00
2026-02-20,8947841.06,1410000.00
2026-02-24,8991055.10,1410000.00
2026-02-25,9223833.00,1410000.00
2026-02-26,9221775.82,1410000.00
2026-02-27,9364740.63,1410000.00
2026-03-02,9340924.96,1420000.00
2026-03-03,9159437.68,1420000.00
2026-03-04,9280416.97,1420000.00
2026-03-05,9289934.86,1420000.00
2026-03-06,9317963.82,1420000.00
2026-03-09,9240181.24,1420000.00
2026-03-10,9235103.22,1420000.00
2026-03-11,9190290.78,1420000.00
2026-03-12,9194725.09,1420000.00
2026-03-13,9186344.81,1420000.00
2026-03-16,9130805.91,1420000.00
2026-03-17,9179001.20,1420000.00
2026-03-18,9159107.00,1420000.00
2026-03-19,9171986.00,1420000.00
2026-03-20,9150513.60,1420000.00
2026-03-23,8905535.91,1420000.00
2026-03-24,8805166.83,1420000.00
2026-03-25,8845380.25,1420000.00
2026-03-26,8687722.40,1420000.00
2026-03-27,8507793.72,1420000.00
2026-03-30,8518532.33,1420000.00
2026-03-31,8442284.00,1420000.00
2026-04-01,8483969.31,1430000.00
2026-04-02,8362528.78,1430000.00
2026-04-03,8224844.22,1430000.00
2026-04-06,8389449.85,1430000.00
2026-04-07,8316009.11,1430000.00
2026-04-08,8356062.45,1430000.00
2026-04-09,8273805.84,1430000.00
2026-04-10,8195060.84,1430000.00
2026-04-13,8114385.64,1430000.00
2026-04-14,8138507.93,1430000.00
2026-04-15,8258254.72,1430000.00
2026-04-16,8331619.24,1430000.00
2026-04-17,8357809.67,1430000.00
2026-04-20,8422477.00,1430000.00
2026-04-21,8483645.94,1430000.00
2026-04-22,8524795.36,1430000.00
2026-04-23,8500271.99,1430000.00
2026-04-24,8383357.95,1430000.00
2026-04-27,8321907.68,1430000.00
2026-04-28,8240554.23,1430000.00
2026-04-29,7986246.94,1430000.00
2026-04-30,8020160.57,1430000.00
2026-05-04,7884379.95,1440000.00
2026-05-05,7987775.90,1440000.00
2026-05-06,7952452.23,1440000.00
2026-05-07,7966768.58,1440000.00
2026-05-08,8014118.48,1440000.00
2026-05-11,8151002.27,1440000.00
2026-05-12,8204940.63,1440000.00
2026-05-13,8179032.73,1440000.00
2026-05-14,8039900.56,1440000.00
2026-05-15,7912995.56,1440000.00
2026-05-18,8000089.76,1440000.00
2026-05-19,7972706.73,1440000.00
2026-05-20,7891852.11,1440000.00
2026-05-21,7969002.74,1440000.00
2026-05-22,7919689.95,1440000.00
2026-05-25,7878471.08,1440000.00
2026-05-26,7847242.48,1440000.00
2026-05-27,7863298.71,1440000.00
2026-05-28,7783579.59,1440000.00
2026-05-29,7762835.95,1440000.00
2026-06-01,7877903.57,1450000.00
2026-06-02,8165321.79,1450000.00
2026-06-03,8010431.51,1450000.00
2026-06-04,8068587.55,1450000.00
2026-06-05,8028185.25,1450000.00
2026-06-08,7894085.42,1450000.00
2026-06-09,7915990.86,1450000.00
2026-06-10,7861626.55,1450000.00
2026-06-11,7866388.80,1450000.00
2026-06-15,8117161.66,1450000.00
2026-06-16,8034753.32,1450000.00
2026-06-17,8050613.19,1450000.00
2026-06-18,8002637.89,1450000.00
2026-06-19,7771059.05,1450000.00
2026-06-22,7559039.71,1450000.00
2026-06-23,7554189.20,1450000.00
2026-06-24,7276762.25,1450000.00
2026-06-25,7195920.27,1450000.00
2026-06-26,7480752.40,1450000.00
2026-06-29,7692208.90,1450000.00
2026-06-30,7614273.91,1450000.00
2026-07-01,7592750.03,1460000.00
2026-07-02,7306666.71,1460000.00
2026-07-03,7315494.64,1460000.00
2026-07-06,7113653.04,1460000.00
2026-07-07,7135997.44,1460000.00
2026-07-08,6983300.04,1460000.00
2026-07-09,6777573.56,1460000.00
2026-07-10,6736753.24,1460000.00
2026-07-13,6754875.93,1460000.00
2026-07-14,6821329.91,1460000.00
2026-07-15,6594022.22,1460000.00
2026-07-16,6258425.59,1460000.00
2026-07-17,6180277.97,1460000.00
2026-07-20,6532975.59,1460000.00
2026-07-21,6627699.24,1460000.00
2026-07-22,6716362.15,1460000.00
2026-07-23,6570091.70,1460000.00
2026-07-24,6714582.66,1460000.00
2026-07-27,6890376.97,1460000.00
2026-07-28,6895443.80,1460000.00
2026-07-29,7010820.50,1460000.00
2026-07-30,6970877.66,1460000.00
2026-07-31,7188572.69,1460000.00
2026-08-03,7345610.27,1470000.00
2026-08-04,7472639.94,1470000.00
2026-08-05,7611185.50,1470000.00
2026-08-06,36354786.17,1470000.00
2026-08-07,35736354.22,1470000.00
2026-08-10,36531916.79,1470000.00
2026-08-11,36376244.74,1470000.00
2026-08-12,35633088.96,1470000.00
2026-08-13,35063746.34,1470000.00
2026-08-14,33546801.01,1470000.00
2026-08-17,33049761.31,1470000.00
2026-08-18,34186507.78,1470000.00
2026-08-19,35397383.11,1470000.00
2026-08-20,34696239.27,1470000.00
2026-08-21,35924982.89,1470000.00
2026-08-24,35072353.05,1470000.00
2026-08-25,35423382.52,1470000.00
2026-08-26,33923961.12,1470000.00
2026-08-27,34745392.28,1470000.00
2026-08-28,34630389.07,1470000.00
2026-08-31,36772202.14,1470000.00
2026-09-01,36213303.95,1480000.00
2026-09-02,37150825.78,1480000.00
2026-09-03,37751422.15,1480000.00
2026-09-04,37503824.45,1480000.00
2026-09-07,37950592.49,1480000.00
2026-09-08,38579981.99,1480000.00
2026-09-09,38585762.25,1480000.00
2026-09-10,38133758.35,1480000.00
2026-09-11,37752257.75,1480000.00
2026-09-14,37630551.03,1480000.00
2026-09-15,37522097.99,1480000.00
2026-09-16,37146588.33,1480000.00
2026-09-17,37225425.86,1480000.00
2026-09-18,37388647.48,1480000.00
2026-09-21,36659868.85,1480000.00
2026-09-22,37214015.62,1480000.00
2026-09-23,36796026.57,1480000.00
2026-09-24,34793286.42,1480000.00
2026-09-25,34386126.64,1480000.00
