Date,Close
2014-06-09,1228
2014-06-10,1196
2014-06-11,1165
2014-06-16,1189.9
2014-06-17,1175
2014-06-18,1166.4
2014-06-19,1156.3
2014-06-20,1135.6
2014-06-23,1155
2014-06-24,1166.9
2014-06-25,1175.1
2014-06-26,1194.4
2014-06-27,1215
2014-06-30,1235
2014-07-01,1226
2014-07-02,1217
2014-07-03,1228
2014-07-04,1215.7
2014-07-07,1247.3
2014-07-08,1254.9
2014-07-09,1257
2014-07-10,1228.9
2014-07-11,1223
2014-07-14,1214
2014-07-15,1213
2014-07-16,1221
2014-07-17,1177
2014-07-18,1189.3
2014-07-21,1158
2014-07-22,1172
2014-07-23,1191.8
2014-07-24,1175.6
2014-07-25,1159.5
2014-07-28,1127.1
2014-07-29,1110.7
2014-07-30,1141.6
2014-07-31,1137.4
2014-08-01,1149.5
2014-08-04,1151.8
2014-08-05,1123
2014-08-06,1095.1
2014-08-07,1088
2014-08-08,1132.9
2014-08-11,1153.4
2014-08-12,1158
2014-08-13,1187.9
2014-08-14,1187
2014-08-15,1180
2014-08-18,1187.2
2014-08-19,1193.6
2014-08-20,1215
2014-08-21,1225.6
2014-08-22,1241
2014-08-25,1235.9
2014-08-26,1199.9
2014-08-27,1200
2014-08-28,1167
2014-08-29,1144.1
2014-09-01,1148
2014-09-02,1170.5
2014-09-03,1203.2
2014-09-04,1192.2
2014-09-05,1217.2
2014-09-08,1220.2
2014-09-09,1231.5
2014-09-10,1206.9
2014-09-11,1193.5
2014-09-12,1191.6
2014-09-15,1205.8
2014-09-16,1234.9
2014-09-17,1210
2014-09-18,1230
2014-09-19,1230
2014-09-22,1232
2014-09-23,1250.3
2014-09-24,1259.9
2014-09-25,1267.2
2014-09-26,1234.4
2014-09-29,1234.9
2014-09-30,1250
2014-10-01,1266
2014-10-02,1251
2014-10-03,1251
2014-10-06,1269
2014-10-07,1266
2014-10-08,1267
2014-10-09,1266
2014-10-10,1245
2014-10-13,1294
2014-10-14,1289
2014-10-15,1285
2014-10-16,1284
2014-10-17,1275
2014-10-20,1285
2014-10-21,1291
2014-10-22,1285
2014-10-23,1279
2014-10-24,1282
2014-10-27,1289
2014-10-28,1302
2014-10-29,1325
2014-10-30,1329
2014-10-31,1344
2014-11-03,1350
2014-11-05,1343
2014-11-06,1339
2014-11-07,1379
2014-11-10,1385
2014-11-11,1370
2014-11-12,1369
2014-11-13,1375
2014-11-14,1366
2014-11-17,1419
2014-11-18,1416
2014-11-19,1441
2014-11-20,1438
2014-11-21,1435
2014-11-24,1434
2014-11-25,1420
2014-11-26,1436
2014-11-27,1440
2014-11-28,1480
2014-12-01,1548
2014-12-02,1574
2014-12-03,1629
2014-12-04,1688
2014-12-05,1730
2014-12-08,1764
2014-12-09,1737
2014-12-10,1825
2014-12-11,1800
2014-12-12,1820
2014-12-15,1854
2014-12-16,1824
2014-12-17,1900
2014-12-18,1850
2014-12-19,1944
2014-12-22,1804
2014-12-23,1845
2014-12-24,1804
2014-12-25,1834
2014-12-26,1816
2014-12-29,1814
2014-12-30,1799
2015-01-05,1830
2015-01-06,1870
2015-01-08,1906
2015-01-09,1856
2015-01-12,1867
2015-01-13,1900
2015-01-14,1925
2015-01-15,1998
2015-01-16,2061
2015-01-19,2125
2015-01-20,2130
2015-01-21,2159
2015-01-22,2250
2015-01-23,2258
2015-01-26,2231
2015-01-27,2280
2015-01-28,2315
2015-01-29,2325
2015-01-30,2378
2015-02-02,2341
2015-02-03,2288
2015-02-04,2281
2015-02-05,2278
2015-02-06,2306
2015-02-09,2320
2015-02-10,2328
2015-02-11,2464
2015-02-12,2453
2015-02-13,2477
2015-02-16,2451
2015-02-17,2480
2015-02-18,2564
2015-02-19,2450
2015-02-20,2530
2015-02-24,2496
2015-02-25,2485
2015-02-26,2475
2015-02-27,2435
2015-03-02,2475
2015-03-03,2481
2015-03-04,2486
2015-03-05,2580
2015-03-06,2512
2015-03-10,2465
2015-03-11,2451
2015-03-12,2490
2015-03-13,2445
2015-03-16,2402
2015-03-17,2340
2015-03-18,2375
2015-03-19,2296
2015-03-20,2300
2015-03-23,2196
2015-03-24,2258
2015-03-25,2258
2015-03-26,2224
2015-03-27,2193
2015-03-30,2239
2015-03-31,2267
2015-04-01,2300
2015-04-02,2341
2015-04-03,2325
2015-04-06,2305
2015-04-07,2253
2015-04-08,2225
2015-04-09,2300
2015-04-10,2250
2015-04-13,2300
2015-04-14,2227
2015-04-15,2200
2015-04-16,2128
2015-04-17,2145
2015-04-20,2280
2015-04-21,2339
2015-04-22,2290
2015-04-23,2219
2015-04-24,2225
2015-04-27,2251
2015-04-28,2246
2015-04-29,2240
2015-04-30,2262
2015-05-05,2274
2015-05-06,2349
2015-05-07,2311
2015-05-08,2336
2015-05-12,2300
2015-05-13,2284
2015-05-14,2274
2015-05-15,2257
2015-05-18,2234
2015-05-19,2230
2015-05-20,2255
2015-05-21,2259
2015-05-22,2262
2015-05-25,2267
2015-05-26,2247
2015-05-27,2265
2015-05-28,2285
2015-05-29,2216
2015-06-01,2144
2015-06-02,2180
2015-06-03,2178
2015-06-04,2230
2015-06-05,2262
2015-06-08,2220
2015-06-09,2180
2015-06-10,2140
2015-06-11,2150
2015-06-15,2180
2015-06-16,2200
2015-06-17,2196
2015-06-18,2204
2015-06-19,2220
2015-06-22,2193
2015-06-23,2247
2015-06-24,2271
2015-06-25,2261
2015-06-26,2270
2015-06-29,2253
2015-06-30,2231
2015-07-01,2259
2015-07-02,2280
2015-07-03,2280
2015-07-06,2261
2015-07-07,2354
2015-07-08,2283
2015-07-09,2380
2015-07-10,2359
2015-07-13,2436
2015-07-14,2600
2015-07-15,2600
2015-07-16,2626
2015-07-17,2589
2015-07-20,2615
2015-07-21,2629
2015-07-22,2600
2015-07-23,2580
2015-07-24,2583
2015-07-27,2670
2015-07-28,2660
2015-07-29,2501
2015-07-30,2486
2015-07-31,2556
2015-08-03,2518
2015-08-04,2480
2015-08-05,2490
2015-08-06,2518
2015-08-07,2591
2015-08-10,2600
2015-08-11,2683
2015-08-12,2736
2015-08-13,2769
2015-08-14,2776
2015-08-17,2773
2015-08-18,2696
2015-08-19,2752
2015-08-20,2831
2015-08-21,2852
2015-08-24,2887
2015-08-25,2758
2015-08-26,2776
2015-08-27,2707
2015-08-28,2700
2015-08-31,2817
2015-09-01,2851
2015-09-02,2804
2015-09-03,2825
2015-09-04,2830
2015-09-07,2842
2015-09-08,2880
2015-09-09,2910
2015-09-10,2913
2015-09-11,2950
2015-09-14,2975
2015-09-15,2918
2015-09-16,2888
2015-09-17,2907
2015-09-18,3000
2015-09-21,2961
2015-09-22,2925
2015-09-23,2925
2015-09-24,2954
2015-09-25,2960
2015-09-28,2952
2015-09-29,3020
2015-09-30,3043
2015-10-01,2950
2015-10-02,2998
2015-10-05,3076
2015-10-06,3077
2015-10-07,3042
2015-10-08,3047
2015-10-09,2888
2015-10-12,2935
2015-10-13,2958
2015-10-14,2985
2015-10-15,3022
2015-10-16,2952
2015-10-19,2957
2015-10-20,2995
2015-10-21,2974
2015-10-22,2983
2015-10-23,2982
2015-10-26,2977
2015-10-27,3009
2015-10-28,3045
2015-10-29,3093
2015-10-30,3100
2015-11-02,3106
2015-11-03,3029
2015-11-05,3020
2015-11-06,2980
2015-11-09,2979
2015-11-10,2978
2015-11-11,2977
2015-11-12,2971
2015-11-13,2971
2015-11-16,2950
2015-11-17,3010
2015-11-18,3015
2015-11-19,3099
2015-11-20,3084
2015-11-23,3165
2015-11-24,3188
2015-11-25,3374
2015-11-26,3374
2015-11-27,3360
2015-11-30,3295
2015-12-01,3222
2015-12-02,3280
2015-12-03,3400
2015-12-04,3399
2015-12-07,3403
2015-12-08,3360
2015-12-09,3469
2015-12-10,3419
2015-12-11,3399
2015-12-14,3400
2015-12-15,3501
2015-12-16,3550
2015-12-17,3749
2015-12-18,3593
2015-12-21,3705
2015-12-22,3720
2015-12-23,3770
2015-12-24,3731
2015-12-25,3737
2015-12-28,3762
2015-12-29,3764
2015-12-30,3779
2016-01-04,3911
2016-01-05,3929
2016-01-06,3930
2016-01-11,3922
2016-01-12,3926
2016-01-13,3919
2016-01-14,3715
2016-01-15,3440
2016-01-18,3500
2016-01-19,3620
2016-01-20,3723
2016-01-21,3960
2016-01-22,3815
2016-01-25,3745
2016-01-26,3650
2016-01-27,3733
2016-01-28,3679
2016-01-29,3571
2016-02-01,3655
2016-02-02,3615
2016-02-03,3620
2016-02-04,3630
2016-02-05,3650
2016-02-08,3660
2016-02-09,3665
2016-02-10,3635
2016-02-11,3555
2016-02-12,3490
2016-02-15,3435
2016-02-16,3500
2016-02-17,3480
2016-02-18,3495
2016-02-19,3575
2016-02-20,3600
2016-02-22,3610
2016-02-24,3595
2016-02-25,3610
2016-02-26,3600
2016-02-29,3770
2016-03-01,3655
2016-03-02,3680
2016-03-03,3700
2016-03-04,3725
2016-03-07,3710
2016-03-09,3840
2016-03-10,3825
2016-03-11,3770
2016-03-14,3705
2016-03-15,3705
2016-03-16,3745
2016-03-17,3720
2016-03-18,3800
2016-03-21,3795
2016-03-22,3765
2016-03-23,3825
2016-03-24,3750
2016-03-25,3775
2016-03-28,3710
2016-03-29,3745
2016-03-30,3765
2016-03-31,3665
2016-04-01,3575
2016-04-04,3590
2016-04-05,3575
2016-04-06,3605
2016-04-07,3570
2016-04-08,3555
2016-04-11,3555
2016-04-12,3530
2016-04-13,3550
2016-04-14,3675
2016-04-15,3600
2016-04-18,3690
2016-04-19,3725
2016-04-20,3760
2016-04-21,3775
2016-04-22,3725
2016-04-25,3605
2016-04-26,3605
2016-04-27,3625
2016-04-28,3685
2016-04-29,3550
2016-05-04,3520
2016-05-05,3570
2016-05-06,3535
2016-05-10,3565
2016-05-11,3545
2016-05-12,3620
2016-05-13,3530
2016-05-16,3535
2016-05-17,3540
2016-05-18,3500
2016-05-19,3515
2016-05-20,3545
2016-05-23,3570
2016-05-24,3570
2016-05-25,3615
2016-05-26,3605
2016-05-27,3675
2016-05-30,3675
2016-05-31,3795
2016-06-01,3805
2016-06-02,3865
2016-06-03,3755
2016-06-06,3715
2016-06-07,3720
2016-06-08,3675
2016-06-09,3755
2016-06-10,3610
2016-06-14,3550
2016-06-15,3570
2016-06-16,3630
2016-06-17,3565
2016-06-20,3520
2016-06-21,3435
2016-06-22,3405
2016-06-23,3400
2016-06-24,3420
2016-06-27,3400
2016-06-28,3400
2016-06-29,3475
2016-06-30,3495
2016-07-01,3430
2016-07-04,3465
2016-07-05,3455
2016-07-06,3450
2016-07-07,3440
2016-07-08,3470
2016-07-11,3425
2016-07-12,3350
2016-07-13,3445
2016-07-14,3375
2016-07-15,3440
2016-07-18,3460
2016-07-19,3465
2016-07-20,3445
2016-07-21,3450
2016-07-22,3400
2016-07-25,3295
2016-07-26,3320
2016-07-27,3360
2016-07-28,3385
2016-07-29,3420
2016-08-01,3460
2016-08-02,3470
2016-08-03,3625
2016-08-04,3645
2016-08-05,3600
2016-08-08,3545
2016-08-09,3570
2016-08-10,3515
2016-08-11,3500
2016-08-12,3510
2016-08-15,3490
2016-08-16,3600
2016-08-17,3510
2016-08-18,3530
2016-08-19,3550
2016-08-22,3610
2016-08-23,3630
2016-08-24,3640
2016-08-25,3660
2016-08-26,3715
2016-08-29,3720
2016-08-30,3705
2016-08-31,3665
2016-09-01,3660
2016-09-02,3675
2016-09-05,3655
2016-09-06,3665
2016-09-07,3675
2016-09-08,3670
2016-09-09,3675
2016-09-12,3675
2016-09-13,3720
2016-09-14,3665
2016-09-15,3690
2016-09-16,3770
2016-09-19,3580
2016-09-20,3560
2016-09-21,3455
2016-09-22,3435
2016-09-23,3400
2016-09-26,3400
2016-09-27,3405
2016-09-28,3450
2016-09-29,3385
2016-09-30,3375
2016-10-03,3375
2016-10-04,3350
2016-10-05,3350
2016-10-06,3300
2016-10-07,3265
2016-10-10,3265
2016-10-11,3285
2016-10-12,3270
2016-10-13,3260
2016-10-14,3260
2016-10-17,3320
2016-10-18,3345
2016-10-19,3250
2016-10-20,3110
2016-10-21,3090
2016-10-24,3090
2016-10-25,3065
2016-10-26,3050
2016-10-27,3035
2016-10-28,3010
2016-10-31,3000
2016-11-01,2950
2016-11-02,2995
2016-11-03,3045
2016-11-07,3040
2016-11-08,2955
2016-11-09,3020
2016-11-10,3050
2016-11-11,3150
2016-11-14,3140
2016-11-15,3180
2016-11-16,3200
2016-11-17,3300
2016-11-18,3320
2016-11-21,3370
2016-11-22,3360
2016-11-23,3315
2016-11-24,3410
2016-11-25,3345
2016-11-28,3395
2016-11-29,3335
2016-11-30,3420
2016-12-01,3510
2016-12-02,3525
2016-12-05,3560
2016-12-06,3550
2016-12-07,3600
2016-12-08,3660
2016-12-09,3605
2016-12-12,3720
2016-12-13,3695
2016-12-14,3670
2016-12-15,3650
2016-12-16,3575
2016-12-19,3615
2016-12-20,3620
2016-12-21,3530
2016-12-22,3560
2016-12-23,3595
2016-12-26,3580
2016-12-27,3575
2016-12-28,3555
2016-12-29,3545
2016-12-30,3575
2017-01-03,3540
2017-01-04,3545
2017-01-05,3500
2017-01-06,3395
2017-01-09,3430
2017-01-10,3515
2017-01-11,3565
2017-01-12,3540
2017-01-13,3500
2017-01-16,3485
2017-01-17,3480
2017-01-18,3500
2017-01-19,3450
2017-01-20,3460
2017-01-23,3435
2017-01-24,3395
2017-01-25,3400
2017-01-26,3470
2017-01-27,3505
2017-01-30,3490
2017-01-31,3510
2017-02-01,3508
2017-02-02,3485
2017-02-03,3484
2017-02-06,3460
2017-02-07,3468
2017-02-08,3500
2017-02-09,3450
2017-02-10,3452
2017-02-13,3450
2017-02-14,3405
2017-02-15,3421
2017-02-16,3400
2017-02-17,3435
2017-02-20,3444
2017-02-21,3415
2017-02-22,3410
2017-02-24,3400
2017-02-27,3361
2017-02-28,3379
2017-03-01,3390
2017-03-02,3390
2017-03-03,3408
2017-03-06,3370
2017-03-07,3380
2017-03-09,3349
2017-03-10,3290
2017-03-13,3270
2017-03-14,3270
2017-03-15,3230
2017-03-16,3265
2017-03-17,3255
2017-03-20,3315
2017-03-21,3341
2017-03-22,3330
2017-03-23,3348
2017-03-24,3288
2017-03-27,3290
2017-03-28,3330
2017-03-29,3299
2017-03-30,3266
2017-03-31,3309
2017-04-03,3305
2017-04-04,3286
2017-04-05,3283
2017-04-06,3310
2017-04-07,3334
2017-04-10,3270
2017-04-11,3287
2017-04-12,3285
2017-04-13,3273
2017-04-14,3303
2017-04-17,3310
2017-04-18,3266
2017-04-19,3250
2017-04-20,3269
2017-04-21,3274
2017-04-24,3275
2017-04-25,3325
2017-04-26,3292
2017-04-27,3270
2017-04-28,3350
2017-05-02,3318
2017-05-03,3314
2017-05-04,3300
2017-05-05,3315
2017-05-10,3350
2017-05-11,3300
2017-05-12,3297
2017-05-15,3258
2017-05-16,3277
2017-05-17,3250
2017-05-18,3249
2017-05-19,3194
2017-05-22,3148
2017-05-23,3137
2017-05-24,3114
2017-05-25,3115
2017-05-26,3115
2017-05-29,3083
2017-05-30,3069
2017-05-31,2950
2017-06-01,3010
2017-06-02,3004
2017-06-05,3031
2017-06-06,3046
2017-06-07,3029
2017-06-08,3029
2017-06-09,3012
2017-06-13,2975
2017-06-14,2933
2017-06-15,2917
2017-06-16,2933
2017-06-19,2955
2017-06-20,3029
2017-06-21,2995
2017-06-22,2960
2017-06-23,3065
2017-06-26,3068
2017-06-27,3081
2017-06-28,3117
2017-06-29,3125
2017-06-30,3135
2017-07-03,3149
2017-07-04,3164
2017-07-05,3196
2017-07-06,3227
2017-07-07,3250
2017-07-10,3176
2017-07-11,3207
2017-07-12,3280
2017-07-13,3240
2017-07-14,3240
2017-07-17,3224
2017-07-18,3320
2017-07-19,3270
2017-07-20,3293
2017-07-21,3259
2017-07-24,3259
2017-07-25,3240
2017-07-26,3268
2017-07-27,3266
2017-07-28,3220
2017-07-31,3307
2017-08-01,3312
2017-08-02,3313
2017-08-03,3306
2017-08-04,3305
2017-08-07,3311
2017-08-08,3312
2017-08-09,3296
2017-08-10,3281
2017-08-11,3271
2017-08-14,3305
2017-08-15,3330
2017-08-16,3330
2017-08-17,3514
2017-08-18,3561
2017-08-21,3529
2017-08-22,3517
2017-08-23,3497
2017-08-24,3496
2017-08-25,3506
2017-08-28,3525
2017-08-29,3514
2017-08-30,3553
2017-08-31,3531
2017-09-01,3520
2017-09-04,3525
2017-09-05,3526
2017-09-06,3583
2017-09-07,3623
2017-09-08,3611
2017-09-11,3606
2017-09-12,3641
2017-09-13,3664
2017-09-14,3615
2017-09-15,3658
2017-09-18,3650
2017-09-19,3651
2017-09-20,3657
2017-09-21,3611
2017-09-22,3657
2017-09-25,3450
2017-09-26,3435
2017-09-27,3420
2017-09-28,3418
2017-09-29,3419
2017-10-02,3454
2017-10-03,3530
2017-10-04,3514
2017-10-05,3504
2017-10-06,3527
2017-10-09,3550
2017-10-10,3540
2017-10-11,3534
2017-10-12,3510
2017-10-13,3509
2017-10-16,3532
2017-10-17,3552
2017-10-18,3569
2017-10-19,3554
2017-10-20,3560
2017-10-23,3586
2017-10-24,3569
2017-10-25,3568
2017-10-26,3578
2017-10-27,3606
2017-10-30,3600
2017-10-31,3615
2017-11-01,3613
2017-11-02,3646
2017-11-03,3675
2017-11-07,3710
2017-11-08,3675
2017-11-09,3691
2017-11-10,3703
2017-11-13,3857
2017-11-14,3870
2017-11-15,3885
2017-11-16,3923
2017-11-17,3867
2017-11-20,3826
2017-11-21,3850
2017-11-22,3876
2017-11-23,3821
2017-11-24,3852
2017-11-27,3815
2017-11-28,3798
2017-11-29,3806
2017-11-30,3898
2017-12-01,3874
2017-12-04,3840
2017-12-05,3822
2017-12-06,3896
2017-12-07,3840
2017-12-08,3836
2017-12-11,3869
2017-12-12,3881
2017-12-13,3851
2017-12-14,3844
2017-12-15,3958
2017-12-18,3890
2017-12-19,3830
2017-12-20,3816
2017-12-21,3835
2017-12-22,3829
2017-12-25,3848
2017-12-26,3838
2017-12-27,3811
2017-12-28,3837
2017-12-29,3870
2018-01-03,3930
2018-01-04,3994
2018-01-05,3985
2018-01-09,3982
2018-01-10,3995
2018-01-11,3959
2018-01-12,3999
2018-01-15,4109
2018-01-16,4174
2018-01-17,4181
2018-01-18,4160
2018-01-19,4180
2018-01-22,4070
2018-01-23,4045
2018-01-24,4010
2018-01-25,4050
2018-01-26,4085
2018-01-29,4110
2018-01-30,4074
2018-01-31,4124
2018-02-01,4131
2018-02-02,4105
2018-02-05,4110
2018-02-06,4111
2018-02-07,4160
2018-02-08,4229
2018-02-09,4225
2018-02-12,4305
2018-02-13,4292
2018-02-14,4294
2018-02-15,4270
2018-02-16,4240
2018-02-19,4176
2018-02-20,4169
2018-02-21,4216
2018-02-22,4261
2018-02-26,4219
2018-02-27,4222
2018-02-28,4212
2018-03-01,4200
2018-03-02,4150
2018-03-05,4180
2018-03-06,4219
2018-03-07,4249
2018-03-09,4220
2018-03-12,4201
2018-03-13,4160
2018-03-14,4105
2018-03-15,4100
2018-03-16,4250
2018-03-19,4250
2018-03-20,4243
2018-03-21,4245
2018-03-22,4218
2018-03-23,4235
2018-03-26,4240
2018-03-27,4259
2018-03-28,4235
2018-03-29,4212
2018-03-30,4158
2018-04-02,4180
2018-04-03,4150
2018-04-04,4150
2018-04-05,4151
2018-04-06,4152
2018-04-09,3997
2018-04-10,4074
2018-04-11,4200
2018-04-12,4274
2018-04-13,4300
2018-04-16,4302
2018-04-17,4273
2018-04-18,4300
2018-04-19,4250
2018-04-20,4263
2018-04-23,4275
2018-04-24,4264
2018-04-25,4253
2018-04-26,4280
2018-04-27,4292
2018-04-28,4330
2018-04-30,4344
2018-05-02,4381
2018-05-03,4350
2018-05-04,4370
2018-05-07,4370
2018-05-08,4372
2018-05-10,4300
2018-05-11,4300
2018-05-14,4330
2018-05-15,4332
2018-05-16,4332
2018-05-17,4315
2018-05-18,4300
2018-05-21,4300
2018-05-22,4307
2018-05-23,4279
2018-05-24,4288
2018-05-25,4260
2018-05-28,4305
2018-05-29,4320
2018-05-30,4336
2018-05-31,4333
2018-06-01,4340
2018-06-04,4351
2018-06-05,4340
2018-06-06,4377
2018-06-07,4389
2018-06-08,4404
2018-06-09,4400
2018-06-11,4423
2018-06-13,4265
2018-06-14,4180
2018-06-15,4198
2018-06-18,4239
2018-06-19,4280
2018-06-20,4297
2018-06-21,4300
2018-06-22,4291
2018-06-25,4303
2018-06-26,4318
2018-06-27,4362
2018-06-28,4345
2018-06-29,4350
2018-07-02,4350
2018-07-03,4353
2018-07-04,4353
2018-07-05,4379
2018-07-06,4383
2018-07-09,4373
2018-07-10,4350
2018-07-11,4350
2018-07-12,4386
2018-07-13,4419
2018-07-16,4410
2018-07-17,4414
2018-07-18,4416
2018-07-19,4368
2018-07-20,4384
2018-07-23,4381
2018-07-24,4399
2018-07-25,4410
2018-07-26,4411
2018-07-27,4473
2018-07-30,4542
2018-07-31,4540
2018-08-01,4480
2018-08-02,4400
2018-08-03,4415
2018-08-06,4422
2018-08-07,4418
2018-08-08,4388
2018-08-09,4431
2018-08-10,4420
2018-08-13,4450
2018-08-14,4482
2018-08-15,4495
2018-08-16,4469
2018-08-17,4485
2018-08-20,4500
2018-08-21,4515
2018-08-22,4541
2018-08-23,4550
2018-08-24,4565
2018-08-27,4618
2018-08-28,4639
2018-08-29,4600
2018-08-30,4620
2018-08-31,4604
2018-09-03,4599
2018-09-04,4599
2018-09-05,4600
2018-09-06,4615
2018-09-07,4499
2018-09-10,4528
2018-09-11,4570
2018-09-12,4590
2018-09-13,4600
2018-09-14,4620
2018-09-17,4667
2018-09-18,4750
2018-09-19,4779
2018-09-20,4763
2018-09-21,4760
2018-09-24,4735
2018-09-25,4713
2018-09-26,4666
2018-09-27,4693
2018-09-28,4686
2018-10-01,4659
2018-10-02,4646
2018-10-03,4663
2018-10-04,4619
2018-10-05,4616
2018-10-08,4609
2018-10-09,4629
2018-10-10,4630
2018-10-11,4600
2018-10-12,4650
2018-10-15,4620
2018-10-16,4640
2018-10-17,4669
2018-10-18,4640
2018-10-19,4640
2018-10-22,4600
2018-10-23,4580
2018-10-24,4550
2018-10-25,4536
2018-10-26,4531
2018-10-29,4497
2018-10-30,4481
2018-10-31,4540
2018-11-01,4546
2018-11-02,4570
2018-11-06,4552
2018-11-07,4540
2018-11-08,4540
2018-11-09,4550
2018-11-12,4616
2018-11-13,4624
2018-11-14,4620
2018-11-15,4584
2018-11-16,4610
2018-11-19,4634
2018-11-20,4598
2018-11-21,4600
2018-11-22,4630
2018-11-23,4690
2018-11-26,4672
2018-11-27,4646
2018-11-28,4648
2018-11-29,4640
2018-11-30,4620
2018-12-03,4610
2018-12-04,4630
2018-12-05,4600
2018-12-06,4600
2018-12-07,4600
2018-12-10,4590
2018-12-11,4570
2018-12-12,4570
2018-12-13,4568
2018-12-14,4520
2018-12-17,4482
2018-12-18,4370
2018-12-19,4440
2018-12-20,4440
2018-12-21,4536
2018-12-24,4540
2018-12-25,4550
2018-12-26,4580
2018-12-27,4616
2018-12-28,4600
2018-12-29,4710
2019-01-03,4692
2019-01-04,4688
2019-01-08,4680
2019-01-09,4664
2019-01-10,4650
2019-01-11,4680
2019-01-14,4682
2019-01-15,4684
2019-01-16,4666
2019-01-17,4650
2019-01-18,4686
2019-01-21,4678
2019-01-22,4660
2019-01-23,4678
2019-01-24,4664
2019-01-25,4690
2019-01-28,4682
2019-01-29,4688
2019-01-30,4668
2019-01-31,4658
2019-02-01,4670
2019-02-04,4654
2019-02-05,4660
2019-02-06,4668
2019-02-07,4656
2019-02-08,4670
2019-02-11,4700
2019-02-12,4740
2019-02-13,4730
2019-02-14,4750
2019-02-15,4800
2019-02-18,4794
2019-02-19,4780
2019-02-20,4814
2019-02-21,4744
2019-02-22,4776
2019-02-25,4750
2019-02-26,4712
2019-02-27,4720
2019-02-28,4716
2019-03-01,4716
2019-03-04,4710
2019-03-05,4710
2019-03-06,4694
2019-03-07,4700
2019-03-11,4720
2019-03-12,4710
2019-03-13,4700
2019-03-14,4698
2019-03-15,4700
2019-03-18,4690
2019-03-19,4700
2019-03-20,4700
2019-03-21,4600
2019-03-22,4596
2019-03-25,4550
2019-03-26,4540
2019-03-27,4536
2019-03-28,4500
2019-03-29,4574
2019-04-01,4574
2019-04-02,4576
2019-04-03,4550
2019-04-04,4548
2019-04-05,4570
2019-04-08,4566
2019-04-09,4544
2019-04-10,4550
2019-04-11,4556
2019-04-12,4554
2019-04-15,4558
2019-04-16,4560
2019-04-17,4536
2019-04-18,4512
2019-04-19,4520
2019-04-22,4540
2019-04-23,4548
2019-04-24,4504
2019-04-25,4500
2019-04-26,4480
2019-04-29,4490
2019-04-30,4500
2019-05-02,4522
2019-05-03,4526
2019-05-06,4510
2019-05-07,4520
2019-05-08,4512
2019-05-10,4528
2019-05-13,4530
2019-05-14,4542
2019-05-15,4540
2019-05-16,4564
2019-05-17,4560
2019-05-20,4544
2019-05-21,4550
2019-05-22,4574
2019-05-23,4568
2019-05-24,4578
2019-05-27,4584
2019-05-28,4568
2019-05-29,4580
2019-05-30,4590
2019-05-31,4600
2019-06-03,4612
2019-06-04,4610
2019-06-05,4616
2019-06-06,4622
2019-06-07,4634
2019-06-10,4530
2019-06-11,4540
2019-06-13,4548
2019-06-14,4550
2019-06-17,4538
2019-06-18,4524
2019-06-19,4526
2019-06-20,4538
2019-06-21,4514
2019-06-24,4528
2019-06-25,4526
2019-06-26,4552
2019-06-27,4560
2019-06-28,4564
2019-07-01,4564
2019-07-02,4604
2019-07-03,4604
2019-07-04,4620
2019-07-05,4630
2019-07-08,4654
2019-07-09,4666
2019-07-10,4670
2019-07-11,4670
2019-07-12,4682
2019-07-15,4660
2019-07-16,4660
2019-07-17,4660
2019-07-18,4660
2019-07-19,4650
2019-07-22,4650
2019-07-23,4648
2019-07-24,4628
2019-07-25,4624
2019-07-26,4650
2019-07-29,4656
2019-07-30,4658
2019-07-31,4630
2019-08-01,4648
2019-08-02,4670
2019-08-05,4672
2019-08-06,4650
2019-08-07,4666
2019-08-08,4650
2019-08-09,4662
2019-08-12,4666
2019-08-13,4672
2019-08-14,4670
2019-08-15,4670
2019-08-16,4722
2019-08-19,4740
2019-08-20,4750
2019-08-21,4700
2019-08-22,4682
2019-08-23,4710
2019-08-26,4770
2019-08-27,4740
2019-08-28,4770
2019-08-29,4810
2019-08-30,4840
2019-09-02,4850
2019-09-03,4904
2019-09-04,4948
2019-09-05,4980
2019-09-06,5014
2019-09-09,5050
2019-09-10,5050
2019-09-11,5020
2019-09-12,5030
2019-09-13,4994
2019-09-16,4984
2019-09-17,5010
2019-09-18,5032
2019-09-19,5000
2019-09-20,4970
2019-09-23,4916
2019-09-24,4900
2019-09-25,4930
2019-09-26,4934
2019-09-27,4944
2019-09-30,5030
2019-10-01,5030
2019-10-02,5008
2019-10-03,4980
2019-10-04,5040
2019-10-07,5030
2019-10-08,5012
2019-10-09,5024
2019-10-10,5016
2019-10-11,5028
2019-10-14,5032
2019-10-15,5026
2019-10-16,5012
2019-10-17,5010
2019-10-18,5028
2019-10-21,5002
2019-10-22,5026
2019-10-23,5008
2019-10-24,5004
2019-10-25,5006
2019-10-28,4986
2019-10-29,4970
2019-10-30,4976
2019-10-31,4936
2019-11-01,4960
2019-11-05,4940
2019-11-06,4910
2019-11-07,4926
2019-11-08,4934
2019-11-11,4944
2019-11-12,4938
2019-11-13,4938
2019-11-14,4916
2019-11-15,4900
2019-11-18,4878
2019-11-19,4890
2019-11-20,4902
2019-11-21,4890
2019-11-22,4914
2019-11-25,4902
2019-11-26,4930
2019-11-27,4918
2019-11-28,4928
2019-11-29,4926
2019-12-02,4968
2019-12-03,4950
2019-12-04,4932
2019-12-05,4924
2019-12-06,4950
2019-12-09,4980
2019-12-10,4894
2019-12-11,4882
2019-12-12,4836
2019-12-13,4850
2019-12-16,4844
2019-12-17,4824
2019-12-18,4810
2019-12-19,4802
2019-12-20,4822
2019-12-23,4826
2019-12-24,4824
2019-12-25,4802
2019-12-26,4790
2019-12-27,4788
2019-12-30,4790
2020-01-03,4784
2020-01-06,4774
2020-01-08,4756
2020-01-09,4710
2020-01-10,4700
2020-01-13,4710
2020-01-14,4730
2020-01-15,4718
2020-01-16,4784
2020-01-17,4740
2020-01-20,4756
2020-01-21,4740
2020-01-22,4734
2020-01-23,4742
2020-01-24,4732
2020-01-27,4736
2020-01-28,4780
2020-01-29,4782
2020-01-30,4828
2020-01-31,4838
2020-02-03,4890
2020-02-04,4852
2020-02-05,4838
2020-02-06,4830
2020-02-07,4852
2020-02-10,4782
2020-02-11,4778
2020-02-12,4780
2020-02-13,4780
2020-02-14,4750
2020-02-17,4846
2020-02-18,4836
2020-02-19,4872
2020-02-20,4876
2020-02-21,4900
2020-02-25,4850
2020-02-26,4850
2020-02-27,4954
2020-02-28,4940
2020-03-02,5080
2020-03-03,5090
2020-03-04,5048
2020-03-05,5070
2020-03-06,5100
2020-03-10,5380
2020-03-11,5470
2020-03-12,5530
2020-03-13,5600
2020-03-16,5500
2020-03-17,5594
2020-03-18,5748
2020-03-19,6000
2020-03-20,6020
2020-03-23,6120
2020-03-24,6078
2020-03-25,5984
2020-03-26,6030
2020-03-27,5970
2020-03-30,5966
2020-03-31,5990
2020-04-01,5970
2020-04-02,5950
2020-04-03,5976
2020-04-06,6000
2020-04-07,5996
2020-04-08,6000
2020-04-09,5982
2020-04-10,6034
2020-04-13,5750
2020-04-14,5740
2020-04-15,5740
2020-04-16,5816
2020-04-17,5762
2020-04-20,5828
2020-04-21,5940
2020-04-22,5998
2020-04-23,5896
2020-04-24,5838
2020-04-27,5800
2020-04-28,5836
2020-04-29,5840
2020-04-30,5770
2020-05-04,5854
2020-05-05,5850
2020-05-06,5784
2020-05-07,5786
2020-05-08,5844
2020-05-12,5886
2020-05-13,5872
2020-05-14,5882
2020-05-15,5888
2020-05-18,5840
2020-05-19,5996
2020-05-20,5968
2020-05-21,5960
2020-05-22,6050
2020-05-25,6194
2020-05-26,6050
2020-05-27,6034
2020-05-28,6090
2020-05-29,6120
2020-06-01,6172
2020-06-02,6084
2020-06-03,6004
2020-06-04,5958
2020-06-05,5900
2020-06-08,5652
2020-06-09,5644
2020-06-10,5614
2020-06-11,5476
2020-06-15,5580
2020-06-16,5460
2020-06-17,5464
2020-06-18,5464
2020-06-19,5500
2020-06-22,5500
2020-06-23,5440
2020-06-25,5490
2020-06-26,5480
2020-06-29,5530
2020-06-30,5564
2020-07-02,5570
2020-07-03,5576
2020-07-06,5636
2020-07-07,5702
2020-07-08,5640
2020-07-09,5600
2020-07-10,5626
2020-07-13,5552
2020-07-14,5624
2020-07-15,5600
2020-07-16,5630
2020-07-17,5668
2020-07-20,5690
2020-07-21,5680
2020-07-22,5632
2020-07-23,5640
2020-07-24,5662
2020-07-27,5662
2020-07-28,5700
2020-07-29,5730
2020-07-30,5800
2020-07-31,5816
2020-08-03,5912
2020-08-04,5870
2020-08-05,5880
2020-08-06,5814
2020-08-07,5822
2020-08-10,5836
2020-08-11,5856
2020-08-12,5836
2020-08-13,5890
2020-08-14,5860
2020-08-17,5870
2020-08-18,5920
2020-08-19,5920
2020-08-20,5870
2020-08-21,5858
2020-08-24,5890
2020-08-25,5890
2020-08-26,5970
2020-08-27,5948
2020-08-28,5900
2020-08-31,5950
2020-09-01,5844
2020-09-02,5884
2020-09-03,5962
2020-09-04,5940
2020-09-07,5974
2020-09-08,6000
2020-09-09,6010
2020-09-10,5968
2020-09-11,5916
2020-09-14,5920
2020-09-15,5946
2020-09-16,5960
2020-09-17,5978
2020-09-18,5928
2020-09-21,6010
2020-09-22,6030
2020-09-23,6034
2020-09-24,6096
2020-09-25,6080
2020-09-28,6218
2020-09-29,6300
2020-09-30,6280
2020-10-01,6262
2020-10-02,6270
2020-10-05,6216
2020-10-06,6260
2020-10-07,6170
2020-10-08,6154
2020-10-09,6086
2020-10-12,6084
2020-10-13,6180
2020-10-14,6104
2020-10-15,6164
2020-10-16,6158
2020-10-19,6160
2020-10-20,6150
2020-10-21,6084
2020-10-22,6100
2020-10-23,5990
2020-10-26,6130
2020-10-27,6142
2020-10-28,6220
2020-10-29,6326
2020-10-30,6362
2020-11-02,6464
2020-11-03,6416
2020-11-05,6356
2020-11-06,6348
2020-11-09,6216
2020-11-10,6160
2020-11-11,6194
2020-11-12,6190
2020-11-13,6200
2020-11-16,6204
2020-11-17,6244
2020-11-18,6202
2020-11-19,6178
2020-11-20,6130
2020-11-23,6078
2020-11-24,6110
2020-11-25,6100
2020-11-26,6100
2020-11-27,6100
2020-11-30,6120
2020-12-01,6120
2020-12-02,6090
2020-12-03,6066
2020-12-04,6010
2020-12-07,6006
2020-12-08,5994
2020-12-09,5976
2020-12-10,5950
2020-12-11,5982
2020-12-14,5934
2020-12-15,5928
2020-12-16,5922
2020-12-17,5876
2020-12-18,5972
2020-12-21,5990
2020-12-22,6044
2020-12-23,6058
2020-12-24,6012
2020-12-25,6000
2020-12-28,5932
2020-12-29,5964
2020-12-30,5926
2021-01-04,5988
2021-01-05,5980
2021-01-06,5992
2021-01-08,5996
2021-01-11,6004
2021-01-12,5970
2021-01-13,6014
2021-01-14,5960
2021-01-15,5952
2021-01-18,5982
2021-01-19,5982
2021-01-20,5986
2021-01-21,5960
2021-01-22,5984
2021-01-25,6040
2021-01-26,6068
2021-01-27,6018
2021-01-28,6116
2021-01-29,6116
2021-02-01,6062
2021-02-02,6096
2021-02-03,6102
2021-02-04,6122
2021-02-05,6090
2021-02-08,6084
2021-02-09,6006
2021-02-10,6008
2021-02-11,6030
2021-02-12,6036
2021-02-15,6060
2021-02-16,6090
2021-02-17,6050
2021-02-18,5990
2021-02-19,6008
2021-02-20,6016
2021-02-22,5980
2021-02-24,6020
2021-02-25,6030
2021-02-26,5990
2021-03-01,5992
2021-03-02,6032
2021-03-03,6000
2021-03-04,5982
2021-03-05,5996
2021-03-09,6010
2021-03-10,6004
2021-03-11,6000
2021-03-12,5994
2021-03-15,5986
2021-03-16,6002
2021-03-17,5990
2021-03-18,5992
2021-03-19,5990
2021-03-22,5988
2021-03-23,6044
2021-03-24,6118
2021-03-25,6112
2021-03-26,6076
2021-03-29,6150
2021-03-30,6140
2021-03-31,6206
2021-04-01,6184
2021-04-02,6190
2021-04-05,6144
2021-04-06,6130
2021-04-07,6240
2021-04-08,6206
2021-04-09,6190
2021-04-12,6220
2021-04-13,6198
2021-04-14,6172
2021-04-15,6178
2021-04-16,6182
2021-04-19,6158
2021-04-20,6100
2021-04-21,6162
2021-04-22,6150
2021-04-23,6138
2021-04-26,6170
2021-04-27,6126
2021-04-28,6130
2021-04-29,6140
2021-04-30,5982
2021-05-04,6040
2021-05-05,6084
2021-05-06,6010
2021-05-07,5964
2021-05-10,5946
2021-05-11,5950
2021-05-12,5982
2021-05-13,5968
2021-05-14,5954
2021-05-17,5946
2021-05-18,6010
2021-05-19,6024
2021-05-20,6076
2021-05-21,6070
2021-05-24,6058
2021-05-25,6068
2021-05-26,6000
2021-05-27,5950
2021-05-28,5982
2021-05-31,6050
2021-06-01,6048
2021-06-02,6036
2021-06-03,6000
2021-06-04,6030
2021-06-07,5988
2021-06-08,5982
2021-06-09,5960
2021-06-10,5948
2021-06-11,5966
2021-06-14,5970
2021-06-15,5958
2021-06-16,5960
2021-06-17,6012
2021-06-18,5998
2021-06-21,5950
2021-06-22,5950
2021-06-23,5966
2021-06-24,5948
2021-06-25,5960
2021-06-28,5950
2021-06-29,5946
2021-06-30,5932
2021-07-01,5938
2021-07-02,5974
2021-07-05,5966
2021-07-06,5968
2021-07-07,5972
2021-07-08,6038
2021-07-09,6008
2021-07-12,5988
2021-07-13,5960
2021-07-14,5946
2021-07-15,5974
2021-07-16,5994
2021-07-19,5964
2021-07-20,5982
2021-07-21,5994
2021-07-22,5996
2021-07-23,6018
2021-07-26,6016
2021-07-27,6054
2021-07-28,6060
2021-07-29,6080
2021-07-30,6052
2021-08-02,6052
2021-08-03,6008
2021-08-04,5946
2021-08-05,5994
2021-08-06,5980
2021-08-09,5980
2021-08-10,5972
2021-08-11,6000
2021-08-12,5928
2021-08-13,5900
2021-08-16,5916
2021-08-17,5908
2021-08-18,5924
2021-08-19,5948
2021-08-20,5972
2021-08-23,6026
2021-08-24,6090
2021-08-25,6508
2021-08-26,6422
2021-08-27,6534
2021-08-30,6466
2021-08-31,6562
2021-09-01,6536
2021-09-02,6688
2021-09-03,6780
2021-09-06,6942
2021-09-07,6460
2021-09-08,6702
2021-09-09,6524
2021-09-10,6658
2021-09-13,6740
2021-09-14,6828
2021-09-15,6806
2021-09-16,6730
2021-09-17,6678
2021-09-20,6410
2021-09-21,7020
2021-09-22,7018
2021-09-23,7132
2021-09-24,7074
2021-09-27,7064
2021-09-28,6970
2021-09-29,6850
2021-09-30,7000
2021-10-01,7168
2021-10-04,7440
2021-10-05,7370
2021-10-06,7686
2021-10-07,8170
2021-10-08,8418
2021-10-11,8718
2021-10-12,8506
2021-10-13,8570
2021-10-14,8644
2021-10-15,8636
2021-10-18,8850
2021-10-19,9146
2021-10-20,8912
2021-10-21,8838
2021-10-22,8620
2021-10-25,8918
2021-10-26,9026
2021-10-27,8780
2021-10-28,8926
2021-10-29,8998
2021-11-01,9950
2021-11-02,9588
2021-11-03,9300
2021-11-05,9800
2021-11-08,9870
2021-11-09,9742
2021-11-10,9692
2021-11-11,10240
2021-11-12,10332
2021-11-15,11048
2021-11-16,12608
2021-11-17,12750
2021-11-18,11972
2021-11-19,12104
2021-11-22,11800
2021-11-23,12220
2021-11-24,12950
2021-11-25,13164
2021-11-26,12804
2021-11-29,13130
2021-11-30,13000
2021-12-01,12540
2021-12-02,12444
2021-12-03,12490
2021-12-06,12888
2021-12-07,12968
2021-12-08,13200
2021-12-09,14716
2021-12-10,13452
2021-12-13,12102
2021-12-14,12396
2021-12-15,12348
2021-12-16,12136
2021-12-17,12548
2021-12-20,12990
2021-12-21,13140
2021-12-22,12858
2021-12-23,12230
2021-12-24,12460
2021-12-27,12640
2021-12-28,12690
2021-12-29,12520
2021-12-30,12358
2022-01-03,12516
2022-01-04,12430
2022-01-05,12282
2022-01-06,11730
2022-01-10,10968
2022-01-11,11490
2022-01-12,11952
2022-01-13,12372
2022-01-14,11900
2022-01-17,11942
2022-01-18,11456
2022-01-19,12050
2022-01-20,12184
2022-01-21,11984
2022-01-24,12002
2022-01-25,12064
2022-01-26,12368
2022-01-27,12402
2022-01-28,12522
2022-01-31,13024
2022-02-01,13800
2022-02-02,13894
2022-02-03,13086
2022-02-04,14490
2022-02-07,16150
2022-02-08,14890
2022-02-09,15390
2022-02-10,15898
2022-02-11,15598
2022-02-14,15108
2022-02-15,15746
2022-02-16,15810
2022-02-17,15768
2022-02-18,15078
2022-02-21,14500
2022-02-22,14454
2022-02-24,12854
2022-02-25,14052
2022-03-28,19704
2022-03-29,27010
2022-03-30,22350
2022-03-31,23000
2022-04-01,21190
2022-04-04,21012
2022-04-05,19410
2022-04-06,21990
2022-04-07,20910
2022-04-08,20160
2022-04-11,19676
2022-04-12,19298
2022-04-13,19750
2022-04-14,18910
2022-04-15,18776
2022-04-18,18948
2022-04-19,18496
2022-04-20,18472
2022-04-21,18236
2022-04-22,17950
2022-04-25,16376
2022-04-26,16660
2022-04-27,16958
2022-04-28,17158
2022-04-29,17202
2022-05-04,16962
2022-05-05,16998
2022-05-06,17010
2022-05-11,17558
2022-05-12,18124
2022-05-13,18720
2022-05-16,18950
2022-05-17,18694
2022-05-18,18278
2022-05-19,18270
2022-05-20,17868
2022-05-23,16980
2022-05-24,16720
2022-05-25,17040
2022-05-26,17426
2022-05-27,17086
2022-05-30,16706
2022-05-31,16444
2022-06-01,16590
2022-06-02,16300
2022-06-03,16012
2022-06-06,15546
2022-06-07,15312
2022-06-08,15040
2022-06-09,14270
2022-06-10,14176
2022-06-14,13500
2022-06-15,13810
2022-06-16,15816
2022-06-17,16304
2022-06-20,17742
2022-06-21,17400
2022-06-22,17800
2022-06-23,17712
2022-06-24,17928
2022-06-27,17988
2022-06-28,18030
2022-06-29,18896
2022-06-30,18182
2022-07-01,18660
2022-07-04,18422
2022-07-05,17902
2022-07-06,18088
2022-07-07,18402
2022-07-08,18362
2022-07-11,18058
2022-07-12,17782
2022-07-13,16750
2022-07-14,16044
2022-07-15,17284
2022-07-18,17076
2022-07-19,16998
2022-07-20,16748
2022-07-21,16330
2022-07-22,16642
2022-07-25,16608
2022-07-26,16728
2022-07-27,16874
2022-07-28,16664
2022-07-29,16650
2022-08-01,16600
2022-08-02,16320
2022-08-03,16050
2022-08-04,16100
2022-08-05,15320
2022-08-08,15946
2022-08-09,16218
2022-08-10,16090
2022-08-11,15890
2022-08-12,15864
2022-08-15,15852
2022-08-16,16820
2022-08-17,17000
2022-08-18,17616
2022-08-19,17388
2022-08-22,17714
2022-08-23,17480
2022-08-24,17308
2022-08-25,17304
2022-08-26,17470
2022-08-29,18000
2022-08-30,17536
2022-08-31,17704
2022-09-01,17638
2022-09-02,17562
2022-09-05,17736
2022-09-06,17622
2022-09-07,17550
2022-09-08,17656
2022-09-09,17840
2022-09-12,17780
2022-09-13,17842
2022-09-14,17570
2022-09-15,17684
2022-09-16,17566
2022-09-19,17702
2022-09-20,16956
2022-09-21,16222
2022-09-22,16342
2022-09-23,15392
2022-09-26,14550
2022-09-27,15100
2022-09-28,14416
2022-09-29,13556
2022-09-30,14396
2022-10-03,14842
2022-10-04,14510
2022-10-05,14286
2022-10-06,14322
2022-10-07,13900
2022-10-10,13990
2022-10-11,14244
2022-10-12,14604
2022-10-13,14810
2022-10-14,14670
2022-10-17,15052
2022-10-18,15000
2022-10-19,14538
2022-10-20,14650
2022-10-21,14846
2022-10-24,15010
2022-10-25,15296
2022-10-26,15450
2022-10-27,15688
2022-10-28,16110
2022-10-31,16000
2022-11-01,16090
2022-11-02,16174
2022-11-03,16330
2022-11-07,16598
2022-11-08,16640
2022-11-09,16608
2022-11-10,16724
2022-11-11,16776
2022-11-14,17040
2022-11-15,17198
2022-11-16,17500
2022-11-17,17750
2022-11-18,17674
2022-11-21,17624
2022-11-22,17682
2022-11-23,17740
2022-11-24,17820
2022-11-25,17900
2022-11-28,18006
2022-11-29,17810
2022-11-30,18000
2022-12-01,18036
2022-12-02,18010
2022-12-05,18044
2022-12-06,18050
2022-12-07,18058
2022-12-08,18068
2022-12-09,18070
2022-12-12,18004
2022-12-13,18026
2022-12-14,18020
2022-12-15,17998
2022-12-16,17998
2022-12-19,17998
2022-12-20,18180
2022-12-21,18212
2022-12-22,18172
2022-12-23,18146
2022-12-26,18092
2022-12-27,18100
2022-12-28,18090
2022-12-29,18170
2022-12-30,18210
2023-01-03,18310
2023-01-04,18250
2023-01-05,18206
2023-01-06,18004
2023-01-09,18010
2023-01-10,18064
2023-01-11,17992
2023-01-12,17980
2023-01-13,17994
2023-01-16,18010
2023-01-17,18020
2023-01-18,18000
2023-01-19,18006
2023-01-20,18004
2023-01-23,17990
2023-01-24,18048
2023-01-25,18054
2023-01-26,18050
2023-01-27,17998
2023-01-30,18124
2023-01-31,18188
2023-02-01,19706
2023-02-02,18750
2023-02-03,18350
2023-02-06,18870
2023-02-07,18634
2023-02-08,19006
2023-02-09,18786
2023-02-10,18486
2023-02-13,18464
2023-02-14,18500
2023-02-15,18332
2023-02-16,18340
2023-02-17,18334
2023-02-20,18472
2023-02-21,18474
2023-02-22,18420
2023-02-24,18436
2023-02-27,18380
2023-02-28,18484
2023-03-01,18888
2023-03-02,18520
2023-03-03,18804
2023-03-06,18774
2023-03-07,18764
2023-03-09,18596
2023-03-10,18530
2023-03-13,18390
2023-03-14,18396
2023-03-15,18350
2023-03-16,18382
2023-03-17,18330
2023-03-20,18400
2023-03-21,18596
2023-03-22,18700
2023-03-23,18748
2023-03-24,18796
2023-03-27,18914
2023-03-28,18630
2023-03-29,18852
2023-03-30,18672
2023-03-31,18508
2023-04-03,18654
2023-04-04,18530
2023-04-05,18634
2023-04-06,18750
2023-04-07,18866
2023-04-10,18908
2023-04-11,18948
2023-04-12,19116
2023-04-13,19120
2023-04-14,18930
2023-04-17,19004
2023-04-18,19268
2023-04-19,19512
2023-04-20,19622
2023-04-21,19336
2023-04-24,19330
2023-04-25,19298
2023-04-26,19400
2023-04-27,19374
2023-04-28,19086
2023-05-02,19008
2023-05-03,19000
2023-05-04,19000
2023-05-05,19000
2023-05-08,19098
2023-05-10,19224
2023-05-11,19332
2023-05-12,19216
2023-05-15,19358
2023-05-16,19698
2023-05-17,19594
2023-05-18,18998
2023-05-19,19018
2023-05-22,18990
2023-05-23,18998
2023-05-24,18850
2023-05-25,18990
2023-05-26,19000
2023-05-29,19002
2023-05-30,18880
2023-05-31,18984
2023-06-01,18970
2023-06-02,18994
2023-06-05,18896
2023-06-06,18952
2023-06-07,18902
2023-06-08,18982
2023-06-09,18998
2023-06-13,19028
2023-06-14,18850
2023-06-15,18864
2023-06-16,18862
2023-06-19,18880
2023-06-20,19000
2023-06-21,19000
2023-06-22,18988
2023-06-23,19000
2023-06-26,19000
2023-06-27,18898
2023-06-28,18906
2023-06-29,18900
2023-06-30,18968
2023-07-03,18890
2023-07-04,18900
2023-07-05,18908
2023-07-06,18946
2023-07-07,19016
2023-07-10,19218
2023-07-11,19096
2023-07-12,19002
2023-07-13,19002
2023-07-14,19042
2023-07-17,18996
2023-07-18,19044
2023-07-19,19136
2023-07-20,19344
2023-07-21,19256
2023-07-24,19246
2023-07-25,19696
2023-07-26,19556
2023-07-27,19450
2023-07-28,19388
2023-07-31,19530
2023-08-01,19602
2023-08-02,19372
2023-08-03,19442
2023-08-04,19030
2023-08-07,19256
2023-08-08,19244
2023-08-09,19230
2023-08-10,19520
2023-08-11,19318
2023-08-14,19264
2023-08-15,19208
2023-08-16,19398
2023-08-17,19502
2023-08-18,19562
2023-08-21,19500
2023-08-22,19444
2023-08-23,19400
2023-08-24,19356
2023-08-25,19352
2023-08-28,19250
2023-08-29,19192
2023-08-30,19112
2023-08-31,19200
2023-09-01,19360
2023-09-04,19418
2023-09-05,19192
2023-09-06,20546
2023-09-07,19218
2023-09-08,19498
2023-09-11,19060
2023-09-12,19000
2023-09-13,19280
2023-09-14,19052
2023-09-15,19170
2023-09-18,18982
2023-09-19,18952
2023-09-20,18820
2023-09-21,18848
2023-09-22,18900
2023-09-25,18860
2023-09-26,18992
2023-09-27,19060
2023-09-28,19076
2023-09-29,19048
2023-10-02,18994
2023-10-03,19012
2023-10-04,19000
2023-10-05,18950
2023-10-06,19020
2023-10-09,19000
2023-10-10,18950
2023-10-11,19048
2023-10-12,19020
2023-10-13,18998
2023-10-16,19162
2023-10-17,19224
2023-10-18,19028
2023-10-19,19108
2023-10-20,19002
2023-10-23,18990
2023-10-24,18960
2023-10-25,19054
2023-10-26,19000
2023-10-27,18996
2023-10-30,19020
2023-10-31,18930
2023-11-01,18900
2023-11-02,18902
2023-11-03,18970
2023-11-06,18998
2023-11-07,18966
2023-11-08,18956
2023-11-09,19000
2023-11-10,19018
2023-11-13,19030
2023-11-14,18948
2023-11-15,18958
2023-11-16,18980
2023-11-17,18998
2023-11-20,18968
2023-11-21,18970
2023-11-22,18928
2023-11-23,18900
2023-11-24,18930
2023-11-27,18950
2023-11-28,18946
2023-11-29,18808
2023-11-30,18936
2023-12-01,18980
2023-12-04,18946
2023-12-05,18840
2023-12-06,18820
2023-12-07,18898
2023-12-08,18878
2023-12-11,18830
2023-12-12,18830
2023-12-13,18794
2023-12-14,18810
2023-12-15,18888
2023-12-18,18850
2023-12-19,18800
2023-12-20,18832
2023-12-21,18840
2023-12-22,18574
2023-12-25,18838
2023-12-26,18848
2023-12-27,18850
2023-12-28,18800
2023-12-29,18850
2024-01-03,18866
2024-01-04,18884
2024-01-05,18888
2024-01-08,18860
2024-01-09,18850
2024-01-10,18720
2024-01-11,18798
2024-01-12,18850
2024-01-15,18826
2024-01-16,18728
2024-01-17,18720
2024-01-18,18714
2024-01-19,18700
2024-01-22,18690
2024-01-23,18648
2024-01-24,18614
2024-01-25,18600
2024-01-26,18486
2024-01-29,18480
2024-01-30,18436
2024-01-31,18418
2024-02-01,18294
2024-02-02,18228
2024-02-05,18154
2024-02-06,18188
2024-02-07,18172
2024-02-08,18046
2024-02-09,18010
2024-02-12,18010
2024-02-13,18160
2024-02-14,18096
2024-02-15,18146
2024-02-16,18038
2024-02-19,18098
2024-02-20,18040
2024-02-21,17988
2024-02-22,17990
2024-02-26,18076
2024-02-27,18000
2024-02-28,18046
2024-02-29,18050
2024-03-01,18090
2024-03-04,18208
2024-03-05,18244
2024-03-06,18208
2024-03-07,18250
2024-03-11,18340
2024-03-12,18398
2024-03-13,18398
2024-03-14,18380
2024-03-15,18348
2024-03-18,18360
2024-03-19,18200
2024-03-20,18298
2024-03-21,18272
2024-03-22,18000
2024-03-25,17860
2024-03-26,17800
2024-03-27,17740
2024-03-28,17470
2024-03-29,17362
2024-04-01,17400
2024-04-02,17300
2024-04-03,17136
2024-04-04,17194
2024-04-05,17198
2024-04-08,17328
2024-04-09,17330
2024-04-10,17364
2024-04-11,17358
2024-04-12,17498
2024-04-15,17500
2024-04-16,17496
2024-04-17,17400
2024-04-18,17416
2024-04-19,17378
2024-04-22,17010
2024-04-23,17012
2024-04-24,17010
2024-04-25,17000
2024-04-26,16970
2024-04-27,16978
2024-04-29,16950
2024-04-30,16800
2024-05-02,16830
2024-05-03,16828
2024-05-06,16800
2024-05-07,16800
2024-05-08,16892
2024-05-10,16830
2024-05-13,16936
2024-05-14,16800
2024-05-15,16772
2024-05-16,16660
2024-05-17,16336
2024-05-20,16400
2024-05-21,16450
2024-05-22,16440
2024-05-23,16440
2024-05-24,16290
2024-05-27,16148
2024-05-28,16290
2024-05-29,16200
2024-05-30,16184
2024-05-31,16190
2024-06-03,16070
2024-06-04,16024
2024-06-05,16000
2024-06-06,15928
2024-06-07,15960
2024-06-10,15902
2024-06-11,15928
2024-06-13,15936
2024-06-14,15948
2024-06-17,15890
2024-06-18,15820
2024-06-19,15684
2024-06-20,15756
2024-06-21,15798
2024-06-24,15730
2024-06-25,15700
2024-06-26,15668
2024-06-27,15670
2024-06-28,15650
2024-07-01,15626
2024-07-02,15628
2024-07-03,15620
2024-07-04,15598
2024-07-05,15610
2024-07-08,15548
2024-07-09,15498
2024-07-10,15450
2024-07-11,15500
2024-07-12,15410
2024-07-15,15368
2024-07-16,15296
2024-07-17,15298
2024-07-18,15190
2024-07-19,15366
2024-07-22,15398
2024-07-23,15122
2024-07-24,15184
2024-07-25,15188
2024-07-26,15000
2024-07-29,15048
2024-07-30,15196
2024-07-31,15200
2024-08-01,15300
2024-08-02,15290
2024-08-05,15146
2024-08-06,15170
2024-08-07,15170
2024-08-08,15170
2024-08-09,15296
2024-08-12,15072
2024-08-13,15168
2024-08-14,15166
2024-08-15,15188
2024-08-16,15248
2024-08-19,15128
2024-08-20,15130
2024-08-21,15008
2024-08-22,15006
2024-08-23,15068
2024-08-26,15030
2024-08-27,15100
2024-08-28,15050
2024-08-29,15070
2024-08-30,15078
2024-09-02,15000
2024-09-03,15050
2024-09-04,15100
2024-09-05,15064
2024-09-06,15118
2024-09-09,15246
2024-09-10,15330
2024-09-11,15400
2024-09-12,15426
2024-09-13,15698
2024-09-16,15850
2024-09-17,16246
2024-09-18,16000
2024-09-19,16000
2024-09-20,16010
2024-09-23,16030
2024-09-24,16050
2024-09-25,16102
2024-09-26,16110
2024-09-27,16118
2024-09-30,16008
2024-10-01,16000
2024-10-02,15960
2024-10-03,16056
2024-10-04,16020
2024-10-07,16136
2024-10-08,16206
2024-10-09,16270
2024-10-10,16372
2024-10-11,16466
2024-10-14,16494
2024-10-15,16572
2024-10-16,16528
2024-10-17,16550
2024-10-18,16564
2024-10-21,16616
2024-10-22,16666
2024-10-23,16696
2024-10-24,16770
2024-10-25,16666
2024-10-28,16640
2024-10-29,16870
2024-10-30,16930
2024-10-31,17000
2024-11-01,17018
2024-11-02,17036
2024-11-05,17000
2024-11-06,17042
2024-11-07,17000
2024-11-08,17042
2024-11-11,17000
2024-11-12,17008
2024-11-13,17000
2024-11-14,17000
2024-11-15,17008
2024-11-18,17000
2024-11-19,16880
2024-11-20,17000
2024-11-21,16950
2024-11-22,17000
2024-11-25,16950
2024-11-26,16900
2024-11-27,16980
2024-11-28,17026
2024-11-29,17048
2024-12-02,17264
2024-12-03,17264
2024-12-04,17178
2024-12-05,17178
2024-12-06,17140
2024-12-09,17184
2024-12-10,17080
2024-12-11,17186
2024-12-12,17006
2024-12-13,17120
2024-12-16,17036
2024-12-17,17094
2024-12-18,17200
2024-12-19,17248
2024-12-20,17300
2024-12-23,17594
2024-12-24,17516
2024-12-25,17634
2024-12-26,17638
2024-12-27,17704
2024-12-28,17700
2024-12-30,17770
2025-01-03,17652
2025-01-06,17552
2025-01-08,17638
2025-01-09,17612
2025-01-10,17732
2025-01-13,17780
2025-01-14,17780
2025-01-15,17698
2025-01-16,17652
2025-01-17,17734
2025-01-20,17742
2025-01-21,17644
2025-01-22,17800
2025-01-23,17732
2025-01-24,17794
2025-01-27,17550
2025-01-28,17650
2025-01-29,17796
2025-01-30,17712
2025-01-31,17666
2025-02-03,17578
2025-02-04,17612
2025-02-05,17612
2025-02-06,17664
2025-02-07,17620
2025-02-10,17700
2025-02-11,17684
2025-02-12,17664
2025-02-13,17102
2025-02-14,17318
2025-02-17,17346
2025-02-18,17246
2025-02-19,17028
2025-02-20,16998
2025-02-21,17200
2025-02-24,17200
2025-02-25,17180
2025-02-26,17100
2025-02-27,16710
2025-02-28,16850
2025-03-03,16708
2025-03-04,17094
2025-03-05,17100
2025-03-06,16968
2025-03-07,16850
2025-03-10,16886
2025-03-11,16886
2025-03-12,16850
2025-03-13,16698
2025-03-14,17000
2025-03-17,17120
2025-03-18,17080
2025-03-19,17032
2025-03-20,17010
2025-03-21,16974
2025-03-24,16830
2025-03-25,17814
2025-03-26,17000
2025-03-27,16634
2025-03-28,16282
2025-03-31,16294
2025-04-01,16328
2025-04-02,16154
2025-04-03,16178
2025-04-04,16116
2025-04-07,16380
2025-04-08,16450
2025-04-09,16280
2025-04-10,16348
2025-04-11,16450
2025-04-14,16250
2025-04-15,16236
2025-04-16,16400
2025-04-17,16400
2025-04-18,16252
2025-04-21,16270
2025-04-22,16264
2025-04-23,16230
2025-04-24,16292
2025-04-25,16224
2025-04-28,16162
2025-04-29,16034
2025-04-30,15992
2025-05-02,15980
2025-05-05,15892
2025-05-06,15994
2025-05-07,16214
2025-05-08,16324
2025-05-12,16398
2025-05-13,16400
2025-05-14,16412
2025-05-15,16528
2025-05-16,16560
2025-05-19,16568
2025-05-20,16250
2025-05-21,16176
2025-05-22,16130
2025-05-23,16110
2025-05-26,15954
2025-05-27,16030
2025-05-28,16086
2025-05-29,15984
2025-05-30,16174
2025-06-02,16216
2025-06-03,16204
2025-06-04,16286
2025-06-05,16288
2025-06-06,15886
2025-06-09,15654
2025-06-10,15524
2025-06-11,15666
2025-06-13,15608
2025-06-16,15626
2025-06-17,15648
2025-06-18,15726
2025-06-19,15688
2025-06-20,15714
2025-06-23,15632
2025-06-24,15680
2025-06-25,15710
2025-06-26,15748
2025-06-27,15846
2025-06-30,15830
2025-07-01,15830
2025-07-02,15856
2025-07-03,15882
2025-07-04,16032
2025-07-07,16022
2025-07-08,15854
2025-07-09,15788
2025-07-10,15838
2025-07-11,15844
2025-07-14,15970
2025-07-15,15962
2025-07-16,16052
2025-07-17,15924
2025-07-18,16026
2025-07-21,16024
2025-07-22,16114
2025-07-23,16146
2025-07-24,16036
2025-07-25,15956
2025-07-28,15878
2025-07-29,15902
2025-07-30,15846
2025-07-31,15830
2025-08-01,15816
2025-08-04,15836
2025-08-05,15866
2025-08-06,15810
2025-08-07,15904
2025-08-08,16340
2025-08-11,16182
2025-08-12,16156
2025-08-13,16100
2025-08-14,16176
2025-08-15,16316
2025-08-18,16226
2025-08-19,16124
2025-08-20,16098
2025-08-21,16034
2025-08-22,16100
2025-08-25,16016
2025-08-26,16166
2025-08-27,16260
2025-08-28,16204
2025-08-29,16384
2025-09-01,16252
2025-09-02,16156
2025-09-03,16172
2025-09-04,16082
2025-09-05,16178
2025-09-08,16218
2025-09-09,16400
2025-09-10,16468
2025-09-11,16558
2025-09-12,16352
2025-09-15,16240
2025-09-16,16224
2025-09-17,16338
2025-09-18,16266
2025-09-19,16112
2025-09-22,16292
2025-09-23,16528
2025-09-24,16700
2025-09-25,16886
2025-09-26,16834
2025-09-29,16842
2025-09-30,16816
2025-10-01,16712
2025-10-02,16468
2025-10-03,16650
2025-10-06,16680
2025-10-07,16926
2025-10-08,16970
2025-10-09,16952
2025-10-10,17058
2025-10-13,17104
2025-10-14,16992
2025-10-15,17270
2025-10-16,17384
2025-10-17,17694
2025-10-20,18028
2025-10-21,17640
2025-10-22,17920
2025-10-23,17868
2025-10-24,18028
2025-10-27,17552
2025-10-28,17678
2025-10-29,17740
2025-10-30,17626
2025-10-31,17796
2025-11-01,17798
2025-11-03,17856
2025-11-05,17792
2025-11-06,17768
2025-11-07,17872
2025-11-10,17700
2025-11-11,17786
2025-11-12,17620
2025-11-13,17674
2025-11-14,17846
2025-11-17,17838
2025-11-18,18006
2025-11-19,18072
2025-11-20,18002
2025-11-21,17980
2025-11-24,17640
2025-11-25,17604
2025-11-26,17892
2025-11-27,17854
2025-11-28,18278
2025-12-01,18224
2025-12-02,18096
2025-12-03,18052
2025-12-04,18048
2025-12-05,18150
2025-12-08,17962
2025-12-09,17964
2025-12-10,17874
2025-12-11,17700
2025-12-12,17900
2025-12-15,17900
2025-12-16,17912
2025-12-17,17884
2025-12-18,17766
2025-12-19,17838
2025-12-22,17678
2025-12-23,17830
2025-12-24,17652
2025-12-25,17862
2025-12-26,18176
2025-12-29,17918
2025-12-30,18056
2026-01-05,18150
2026-01-06,18114
2026-01-08,18012
2026-01-09,18056
2026-01-12,18044
2026-01-13,17966
2026-01-14,17854
2026-01-15,17890
2026-01-16,18034
2026-01-19,18044
2026-01-20,18302
2026-01-21,18420
2026-01-22,18472
2026-01-23,18738
2026-01-26,18490
2026-01-27,18650
2026-01-28,18574
2026-01-29,18796
2026-01-30,18500
2026-02-02,18630
2026-02-03,18650
2026-02-04,18588
2026-02-05,18574
2026-02-06,18614
2026-02-09,18490
2026-02-10,18432
2026-02-11,18422
2026-02-12,18506
2026-02-13,18438
2026-02-16,18544
2026-02-17,18850
2026-02-18,18838
2026-02-19,18882
2026-02-20,18816
2026-02-24,18878
2026-02-25,18848
2026-02-26,18946
2026-02-27,19300
2026-03-02,19448
2026-03-03,19190
2026-03-04,19282
2026-03-05,19970
2026-03-06,19834
2026-03-09,19666
2026-03-10,19870
2026-03-11,19400
2026-03-12,19944
2026-03-13,20102
2026-03-16,20354
2026-03-17,20628
2026-03-18,20568
2026-03-19,20982
2026-03-20,20802
2026-03-23,20934
2026-03-24,20940
2026-03-25,20700
2026-03-26,20724
2026-03-27,20384
2026-03-30,20900
2026-03-31,20742
2026-04-01,20726
2026-04-02,20756
2026-04-03,20796
2026-04-06,20746
2026-04-07,20734
2026-04-08,20406
2026-04-09,20056
2026-04-10,19846
2026-04-13,19906
2026-04-14,19834
2026-04-15,19966
2026-04-16,20342
2026-04-17,20056
2026-04-20,20228
2026-04-21,20364
2026-04-22,20442
2026-04-23,20388
2026-04-24,20246
2026-04-27,19984
2026-04-28,19776
2026-04-29,19402
2026-04-30,19616
2026-05-04,19946
2026-05-05,19882
2026-05-06,19832
2026-05-07,19758
2026-05-08,19644
2026-05-11,19668
2026-05-12,19998
2026-05-13,19950
2026-05-14,19796
2026-05-15,19680
2026-05-18,19656
2026-05-19,19582
2026-05-20,19320
2026-05-21,19098
2026-05-22,18918
2026-05-25,18636
2026-05-26,18310
2026-05-27,18520
2026-05-28,18330
2026-05-29,18322
2026-06-01,18038
2026-06-02,17784
2026-06-03,17850
2026-06-04,17900
2026-06-05,17970
2026-06-08,18000
2026-06-09,17952
2026-06-10,17876
2026-06-11,18036
2026-06-15,18058
2026-06-16,17984
2026-06-17,17896
2026-06-18,17650
2026-06-19,17378
2026-06-22,16402
2026-06-23,16520
2026-06-24,16228
2026-06-25,15536
2026-06-26,15828
2026-06-29,15896
2026-06-30,16076
2026-07-01,16086
2026-07-02,15540
2026-07-03,15652
2026-07-06,15450
2026-07-07,15222
2026-07-08,15210
2026-07-09,14950
2026-07-10,14828
2026-07-13,15070
2026-07-14,15002
2026-07-15,14794
2026-07-16,14304
2026-07-17,14364
2026-07-20,15558
2026-07-21,15878
2026-07-22,16080
2026-07-23,15930
2026-07-24,16162
2026-07-27,16152
2026-07-28,16076
2026-07-29,16650
2026-07-30,17112
2026-07-31,18092
2026-08-03,18400
2026-08-04,18632
2026-08-05,19550
2026-08-06,19146
2026-08-07,18516
2026-08-10,18752
2026-08-11,18798
2026-08-12,18304
2026-08-13,17370
2026-08-14,17368
2026-08-17,17368
2026-08-18,17806
2026-08-19,18036
2026-08-20,17996
2026-08-21,18272
2026-08-24,17956
2026-08-25,18256
2026-08-26,17732
2026-08-27,17990
2026-08-28,17934
2026-08-31,18176
2026-09-01,18016
2026-09-02,17976
2026-09-03,17886
2026-09-04,18012
2026-09-07,17968
2026-09-08,17944
2026-09-09,18916
2026-09-10,19056
2026-09-11,19050
2026-09-14,19046
2026-09-15,18580
2026-09-16,18232
2026-09-17,18194
2026-09-18,18234
2026-09-21,18226
2026-09-22,18320
2026-09-23,18002
2026-09-24,17906
2026-09-25,17718
