Date,Dividend
2013-07-15,350.00
2013-12-20,150.00
2014-07-15,367.50
2014-12-20,157.50
2015-07-15,385.00
2015-12-20,165.00
2016-07-15,402.50
2016-12-20,172.50
2017-07-15,420.00
2017-12-20,180.00
2018-07-15,437.50
2018-12-20,187.50
2019-07-15,455.00
2019-12-20,195.00
2020-07-15,472.50
2020-12-20,202.50
2021-07-15,490.00
2021-12-20,210.00
2022-07-15,507.50
2022-12-20,217.50
2023-07-15,525.00
2023-12-20,225.00
2024-07-15,542.50
2024-12-20,232.50
2025-07-15,560.00
2025-12-20,240.00
2026-07-15,577.50
2026-12-20,247.50
